;answer_name;answer_agreement;answer_price;answer_satisfaction;city;model_landlord;model_renter;renter_name;experiment_id
0;Peter Schmidt;Yes;825;Null;Duisburg;Yi-34B-Chat;Yi-34B-Chat;Emilia Müller;08572bc2-b5ec-4c3b-ac26-5d6b647c2429
1;Emilia Müller;Yes;825;Null;Duisburg;Yi-34B-Chat;Yi-34B-Chat;Emilia Müller;08572bc2-b5ec-4c3b-ac26-5d6b647c2429
2;Emilia Müller;Yes;780;Null;Duisburg;Yi-34B-Chat;Yi-34B-Chat;Emilia Müller;0ec17f2f-98a8-4ebd-aab2-11f5178dd7e2
3;Emilia Müller;Yes;780;Null;Duisburg;Yi-34B-Chat;Yi-34B-Chat;Emilia Müller;0ec17f2f-98a8-4ebd-aab2-11f5178dd7e2
4;Peter Schmidt;Yes;775;1.0;Duisburg;Yi-34B-Chat;Yi-34B-Chat;Emilia Müller;1ca6ad24-e82f-436a-9380-c70c2443bafb
5;Emilia Müller;Yes;775;1.0;Duisburg;Yi-34B-Chat;Yi-34B-Chat;Emilia Müller;1ca6ad24-e82f-436a-9380-c70c2443bafb
6;Emilia Müller;No;Null;Null;Duisburg;Yi-34B-Chat;Yi-34B-Chat;Emilia Müller;3bec85f2-ecba-4c08-a254-5bd648856525
7;Emilia Müller;No;Null;Null;Duisburg;Yi-34B-Chat;Yi-34B-Chat;Emilia Müller;3bec85f2-ecba-4c08-a254-5bd648856525
8;Peter Schmidt;Yes;850;Null;Duisburg;Yi-34B-Chat;Yi-34B-Chat;Emilia Müller;47538df9-7930-4e52-b0c8-f15c709bcf37
9;Emilia Müller;Yes;850;Null;Duisburg;Yi-34B-Chat;Yi-34B-Chat;Emilia Müller;47538df9-7930-4e52-b0c8-f15c709bcf37
10;Emilia Müller;Yes;1,5;Null;Duisburg;Yi-34B-Chat;Yi-34B-Chat;Emilia Müller;4763f3f0-8ab3-4f9a-8b03-c69b431d22b3
11;Emilia Müller;No;1,5;5.0;Duisburg;Yi-34B-Chat;Yi-34B-Chat;Emilia Müller;4763f3f0-8ab3-4f9a-8b03-c69b431d22b3
12;Emilia Müller;Yes;590;Null;Duisburg;Yi-34B-Chat;Yi-34B-Chat;Emilia Müller;5cc270b8-4cf3-4521-85d5-94a33d8e1290
13;Emilia Müller;Yes;590;Null;Duisburg;Yi-34B-Chat;Yi-34B-Chat;Emilia Müller;5cc270b8-4cf3-4521-85d5-94a33d8e1290
14;Emilia Müller;Yes;750;Null;Duisburg;Yi-34B-Chat;Yi-34B-Chat;Emilia Müller;714d6a3b-a722-4995-bed6-32a4350d6787
15;Emilia Müller;Yes;750;9.0;Duisburg;Yi-34B-Chat;Yi-34B-Chat;Emilia Müller;714d6a3b-a722-4995-bed6-32a4350d6787
16;Emilia Müller;Yes;900;Null;Duisburg;Yi-34B-Chat;Yi-34B-Chat;Emilia Müller;8822823c-72d3-4285-a4ea-f27631378dc3
17;Emilia Müller;Yes;900;8.0;Duisburg;Yi-34B-Chat;Yi-34B-Chat;Emilia Müller;8822823c-72d3-4285-a4ea-f27631378dc3
18;Emilia Müller;Yes;535;1.0;Duisburg;Yi-34B-Chat;Yi-34B-Chat;Emilia Müller;92fe64bf-817e-4b79-bee4-b06d2382bc53
19;Emilia Müller;Yes;535;9.0;Duisburg;Yi-34B-Chat;Yi-34B-Chat;Emilia Müller;92fe64bf-817e-4b79-bee4-b06d2382bc53
20;Peter Schmidt;Yes;1,45;1.0;Duisburg;Yi-34B-Chat;Yi-34B-Chat;Emilia Müller;a300601c-20b5-486f-ad06-5aaa3337013e
21;Emilia Müller;Yes;1,45;8.0;Duisburg;Yi-34B-Chat;Yi-34B-Chat;Emilia Müller;a300601c-20b5-486f-ad06-5aaa3337013e
22;Emilia Müller;No;Null;Null;Duisburg;Yi-34B-Chat;Yi-34B-Chat;Emilia Müller;a56a4f60-651a-4688-92d1-a2d2d5cb5d82
23;Emilia Müller;No;Null;5.0;Duisburg;Yi-34B-Chat;Yi-34B-Chat;Emilia Müller;a56a4f60-651a-4688-92d1-a2d2d5cb5d82
24;Emilia Müller;Yes;890;Null;Duisburg;Yi-34B-Chat;Yi-34B-Chat;Emilia Müller;ab670acd-7b49-4a95-a08e-cb0fed3351ef
25;Emilia Müller;Yes;890;1.0;Duisburg;Yi-34B-Chat;Yi-34B-Chat;Emilia Müller;ab670acd-7b49-4a95-a08e-cb0fed3351ef
26;Emilia Müller;Yes;1,4;Null;Duisburg;Yi-34B-Chat;Yi-34B-Chat;Emilia Müller;b3ba9350-6d9f-41cf-9f09-a1bd417a6309
27;Emilia Müller;Yes;1,4;8.0;Duisburg;Yi-34B-Chat;Yi-34B-Chat;Emilia Müller;b3ba9350-6d9f-41cf-9f09-a1bd417a6309
28;Peter Schmidt;Yes;690;8.0;Duisburg;Yi-34B-Chat;Yi-34B-Chat;Emilia Müller;b44757f9-245a-4beb-bfab-3120fb11b121
29;Emilia Müller;Yes;690;Null;Duisburg;Yi-34B-Chat;Yi-34B-Chat;Emilia Müller;b44757f9-245a-4beb-bfab-3120fb11b121
30;Peter Schmidt;Yes;1;Null;Duisburg;Yi-34B-Chat;Yi-34B-Chat;Emilia Müller;b6281f9e-a8e1-4888-95f1-29a8ff065052
31;Emilia Müller;Yes;1;Null;Duisburg;Yi-34B-Chat;Yi-34B-Chat;Emilia Müller;b6281f9e-a8e1-4888-95f1-29a8ff065052
32;Emilia Müller;No;Null;1.0;Duisburg;Yi-34B-Chat;Yi-34B-Chat;Emilia Müller;b6fa4b87-4c54-467a-bc85-39b3c9d3e3c1
33;Emilia Müller;No;Null;1.0;Duisburg;Yi-34B-Chat;Yi-34B-Chat;Emilia Müller;b6fa4b87-4c54-467a-bc85-39b3c9d3e3c1
34;Peter Schmidt;Yes;680;1.0;Duisburg;Yi-34B-Chat;Yi-34B-Chat;Emilia Müller;c20dd6f3-6421-405c-b9ab-e63272520fb3
35;Emilia Müller;Yes;680;Null;Duisburg;Yi-34B-Chat;Yi-34B-Chat;Emilia Müller;c20dd6f3-6421-405c-b9ab-e63272520fb3
36;Peter Schmidt;Yes;650;Null;Duisburg;Yi-34B-Chat;Yi-34B-Chat;Emilia Müller;c34c3056-c62c-47ed-bbd0-62a5399c0fd4
37;Emilia Müller;Yes;650;1.0;Duisburg;Yi-34B-Chat;Yi-34B-Chat;Emilia Müller;c34c3056-c62c-47ed-bbd0-62a5399c0fd4
38;Emilia Müller;Yes;700;Null;Duisburg;Yi-34B-Chat;Yi-34B-Chat;Emilia Müller;c506cd9d-b4f0-4f01-8d90-f39cef54a429
39;Emilia Müller;Yes;700;Null;Duisburg;Yi-34B-Chat;Yi-34B-Chat;Emilia Müller;c506cd9d-b4f0-4f01-8d90-f39cef54a429
40;Emilia Müller;Yes;900;Null;Duisburg;Yi-34B-Chat;Yi-34B-Chat;Emilia Müller;d5465be5-b8a9-4475-8b8e-7c04ce2edee2
41;Emilia Müller;Yes;900;Null;Duisburg;Yi-34B-Chat;Yi-34B-Chat;Emilia Müller;d5465be5-b8a9-4475-8b8e-7c04ce2edee2
42;Emilia Müller;No;Null;Null;Duisburg;Yi-34B-Chat;Yi-34B-Chat;Emilia Müller;d900a0ee-b5f5-4f16-b812-888c7105e0ee
43;Emilia Müller;No;Null;1.0;Duisburg;Yi-34B-Chat;Yi-34B-Chat;Emilia Müller;d900a0ee-b5f5-4f16-b812-888c7105e0ee
44;Peter Schmidt;No;Null;Null;Duisburg;Yi-34B-Chat;Yi-34B-Chat;Emilia Müller;f18aa25b-a6b2-453c-9d69-46a27466309f
45;Emilia Müller;No;Null;Null;Duisburg;Yi-34B-Chat;Yi-34B-Chat;Emilia Müller;f18aa25b-a6b2-453c-9d69-46a27466309f
46;Emilia Müller;Yes;1,15;Null;Duisburg;Yi-34B-Chat;Yi-34B-Chat;Emilia Müller;f29a9ec3-0d68-4348-b851-b54cf501a8c0
47;Emilia Müller;Yes;1,15;9.0;Duisburg;Yi-34B-Chat;Yi-34B-Chat;Emilia Müller;f29a9ec3-0d68-4348-b851-b54cf501a8c0
48;Emilia Müller;Yes;800;Null;Duisburg;Yi-34B-Chat;Yi-34B-Chat;Emilia Müller;f3393fa6-dcb6-4ba7-b9b3-5fda03cffe95
49;Emilia Müller;Yes;800;8.0;Duisburg;Yi-34B-Chat;Yi-34B-Chat;Emilia Müller;f3393fa6-dcb6-4ba7-b9b3-5fda03cffe95
50;Emilia Müller;Yes;750;Null;Magdeburg;Yi-34B-Chat;Yi-34B-Chat;Emilia Müller;0f203699-f8c0-4d1b-b351-f9dd7e5ebe49
51;Emilia Müller;Yes;625;1.0;Magdeburg;Yi-34B-Chat;Yi-34B-Chat;Emilia Müller;269d44df-fa62-443f-bfd9-0328a32b100e
52;Emilia Müller;Yes;1,1;Null;Magdeburg;Yi-34B-Chat;Yi-34B-Chat;Emilia Müller;2c8513be-70bf-4d94-9286-9c2aeacd131f
53;Emilia Müller;Yes;1,05;Null;Magdeburg;Yi-34B-Chat;Yi-34B-Chat;Emilia Müller;2d4c17b0-f27d-4542-b7a0-1f46bfc5e4c2
54;Emilia Müller;Yes;850;Null;Magdeburg;Yi-34B-Chat;Yi-34B-Chat;Emilia Müller;2dd03c5b-738d-41b0-a89f-6815f4a189bc
55;Emilia Müller;Yes;800;1.0;Magdeburg;Yi-34B-Chat;Yi-34B-Chat;Emilia Müller;2f4b4c54-e4ca-4671-acf1-85fecc5b1e5a
56;Emilia Müller;Yes;837;9.0;Magdeburg;Yi-34B-Chat;Yi-34B-Chat;Emilia Müller;2fdc2045-ba90-4d4a-be64-e0ac7d76e152
57;Emilia Müller;Yes;675;Null;Magdeburg;Yi-34B-Chat;Yi-34B-Chat;Emilia Müller;3c4a33cd-3c27-46fa-a9e5-614187e4d3ae
58;Emilia Müller;Yes;550;Null;Magdeburg;Yi-34B-Chat;Yi-34B-Chat;Emilia Müller;3e45bb8a-95dc-4d00-91e2-549f1cde3105
59;Emilia Müller;Yes;940;1.0;Magdeburg;Yi-34B-Chat;Yi-34B-Chat;Emilia Müller;482ed77f-8c9c-4c23-8a7e-76a6fc880a96
60;Emilia Müller;Yes;850;Null;Magdeburg;Yi-34B-Chat;Yi-34B-Chat;Emilia Müller;4a3a1631-a3f1-43b2-91ec-d1cbc42daaf9
61;Emilia Müller;Yes;1050;8.0;Magdeburg;Yi-34B-Chat;Yi-34B-Chat;Emilia Müller;6b07fb01-7e5e-4210-b999-7bebd471f0b3
62;Emilia Müller;No;Null;1.0;Magdeburg;Yi-34B-Chat;Yi-34B-Chat;Emilia Müller;6bea08dd-3db4-473d-bd53-32fe480e5282
63;Emilia Müller;Yes;1,15;9.0;Magdeburg;Yi-34B-Chat;Yi-34B-Chat;Emilia Müller;6f1c953a-22a3-43ce-b538-8bd28010acae
64;Emilia Müller;Yes;740;1.0;Magdeburg;Yi-34B-Chat;Yi-34B-Chat;Emilia Müller;8eaef3b7-476f-4fa8-bb73-70cf524ff3cc
65;Emilia Müller;Yes;850;Null;Magdeburg;Yi-34B-Chat;Yi-34B-Chat;Emilia Müller;a78908e0-babb-4b7a-8ab3-5545f80a9054
66;Emilia Müller;Yes;840;Null;Magdeburg;Yi-34B-Chat;Yi-34B-Chat;Emilia Müller;c85b1dba-409c-4c1d-98cd-47ca3a5f61cb
67;Emilia Müller;Yes;1,3;Null;Magdeburg;Yi-34B-Chat;Yi-34B-Chat;Emilia Müller;d8fd1b46-d786-410a-8915-afdae80af200
68;Emilia Müller;No;Null;Null;Magdeburg;Yi-34B-Chat;Yi-34B-Chat;Emilia Müller;e0816699-c48d-4b82-a5de-5ee1e18e9df0
69;Emilia Müller;Yes;750;Null;Magdeburg;Yi-34B-Chat;Yi-34B-Chat;Emilia Müller;e85fe91a-a539-4361-abf0-5ff34c4f07f8
70;Emilia Müller;Yes;700;1.0;Magdeburg;Yi-34B-Chat;Yi-34B-Chat;Emilia Müller;ea386f82-42ce-49e6-b251-b294cd251f77
71;Emilia Müller;Yes;850;7.0;Magdeburg;Yi-34B-Chat;Yi-34B-Chat;Emilia Müller;f7906523-af9d-4d68-bc92-e808135272ba
72;Emilia Müller;Yes;725;8.0;Magdeburg;Yi-34B-Chat;Yi-34B-Chat;Emilia Müller;fac1dc6b-5351-4b4e-8fcc-c72d75a0685e
73;Emilia Müller;No;Null;Null;Magdeburg;Yi-34B-Chat;Yi-34B-Chat;Emilia Müller;fb39feef-e12a-4848-943b-4d3c40ac085a
74;Peter Schmidt;Yes;750;Null;München;Yi-34B-Chat;Yi-34B-Chat;Emilia Müller;04461c57-b4dd-437e-b255-dc231ab21ae1
75;Emilia Müller;Yes;750;Null;München;Yi-34B-Chat;Yi-34B-Chat;Emilia Müller;04461c57-b4dd-437e-b255-dc231ab21ae1
76;Emilia Müller;No;1000;1.0;München;Yi-34B-Chat;Yi-34B-Chat;Emilia Müller;0f5843e1-e768-462a-8929-f20453cecc73
77;Emilia Müller;No;Null;Null;München;Yi-34B-Chat;Yi-34B-Chat;Emilia Müller;0f5843e1-e768-462a-8929-f20453cecc73
78;Peter Schmidt;Yes;1100;8.0;München;Yi-34B-Chat;Yi-34B-Chat;Emilia Müller;270fb92c-bc84-4fc9-94f0-ac33d803b691
79;Emilia Müller;Yes;1100;Null;München;Yi-34B-Chat;Yi-34B-Chat;Emilia Müller;270fb92c-bc84-4fc9-94f0-ac33d803b691
80;Emilia Müller;Yes;875;1.0;München;Yi-34B-Chat;Yi-34B-Chat;Emilia Müller;322726d9-1169-48c1-84e1-7191b24a3cf1
81;Emilia Müller;Yes;875;Null;München;Yi-34B-Chat;Yi-34B-Chat;Emilia Müller;322726d9-1169-48c1-84e1-7191b24a3cf1
82;Emilia Müller;Yes;1000;Null;München;Yi-34B-Chat;Yi-34B-Chat;Emilia Müller;3956da9a-9e59-446e-b4e4-4f4c90a56df1
83;Emilia Müller;Yes;1000;Null;München;Yi-34B-Chat;Yi-34B-Chat;Emilia Müller;3956da9a-9e59-446e-b4e4-4f4c90a56df1
84;Emilia Müller;No;Null;1.0;München;Yi-34B-Chat;Yi-34B-Chat;Emilia Müller;3d1ea79a-18a3-4c5e-8751-5638f0e18b25
85;Emilia Müller;Yes;1,5;9.0;München;Yi-34B-Chat;Yi-34B-Chat;Emilia Müller;3d1ea79a-18a3-4c5e-8751-5638f0e18b25
86;Emilia Müller;Yes;1,05;Null;München;Yi-34B-Chat;Yi-34B-Chat;Emilia Müller;51ef765a-5492-4917-930b-231e47db9eed
87;Emilia Müller;Yes;1,05;8.0;München;Yi-34B-Chat;Yi-34B-Chat;Emilia Müller;51ef765a-5492-4917-930b-231e47db9eed
88;Emilia Müller;Yes;1,4;Null;München;Yi-34B-Chat;Yi-34B-Chat;Emilia Müller;57dde7f2-fe96-4410-802e-20b3e6e2476c
89;Emilia Müller;Yes;1,4;Null;München;Yi-34B-Chat;Yi-34B-Chat;Emilia Müller;57dde7f2-fe96-4410-802e-20b3e6e2476c
90;Peter Schmidt;Yes;800;Null;München;Yi-34B-Chat;Yi-34B-Chat;Emilia Müller;5a7a941e-b611-4f95-a553-1b571db99e14
91;Emilia Müller;Yes;900;Null;München;Yi-34B-Chat;Yi-34B-Chat;Emilia Müller;5a7a941e-b611-4f95-a553-1b571db99e14
92;Emilia Müller;Yes;900;1.0;München;Yi-34B-Chat;Yi-34B-Chat;Emilia Müller;809cdc7e-2bb5-40d2-a527-aaee5fef0922
93;Emilia Müller;No;900;5.0;München;Yi-34B-Chat;Yi-34B-Chat;Emilia Müller;809cdc7e-2bb5-40d2-a527-aaee5fef0922
94;Peter Schmidt;No;Null;1.0;München;Yi-34B-Chat;Yi-34B-Chat;Emilia Müller;84cdfc5a-5ac3-4961-9118-e3464b074270
95;Emilia Müller;No;1025;1.0;München;Yi-34B-Chat;Yi-34B-Chat;Emilia Müller;84cdfc5a-5ac3-4961-9118-e3464b074270
96;Emilia Müller;Yes;950;Null;München;Yi-34B-Chat;Yi-34B-Chat;Emilia Müller;8606b9af-c273-4a6e-a21e-e3713092a78f
97;Emilia Müller;Yes;950;Null;München;Yi-34B-Chat;Yi-34B-Chat;Emilia Müller;8606b9af-c273-4a6e-a21e-e3713092a78f
98;Peter Schmidt;Yes;1,35;Null;München;Yi-34B-Chat;Yi-34B-Chat;Emilia Müller;88ebfa6b-814d-4590-9473-f77f9b7fa9dc
99;Emilia Müller;Yes;1,35;9.0;München;Yi-34B-Chat;Yi-34B-Chat;Emilia Müller;88ebfa6b-814d-4590-9473-f77f9b7fa9dc
100;Emilia Müller;Yes;600;Null;München;Yi-34B-Chat;Yi-34B-Chat;Emilia Müller;8e214a58-7429-4cc0-b207-571cb660d6c4
101;Emilia Müller;Yes;600;7.0;München;Yi-34B-Chat;Yi-34B-Chat;Emilia Müller;8e214a58-7429-4cc0-b207-571cb660d6c4
102;Emilia Müller;Null;850;1.0;München;Yi-34B-Chat;Yi-34B-Chat;Emilia Müller;9b90512b-9635-49cb-a830-35d965c493b5
103;Emilia Müller;Yes;800;Null;München;Yi-34B-Chat;Yi-34B-Chat;Emilia Müller;9b90512b-9635-49cb-a830-35d965c493b5
104;Peter Schmidt;Yes;1,35;7.0;München;Yi-34B-Chat;Yi-34B-Chat;Emilia Müller;b0126be9-8e4f-4054-b6f2-2078f9c3f966
105;Emilia Müller;Yes;1,35;Null;München;Yi-34B-Chat;Yi-34B-Chat;Emilia Müller;b0126be9-8e4f-4054-b6f2-2078f9c3f966
106;Emilia Müller;Yes;1050;1.0;München;Yi-34B-Chat;Yi-34B-Chat;Emilia Müller;b11bc480-9d8d-4cac-8fcb-4657e407ad09
107;Emilia Müller;Yes;1050;1.0;München;Yi-34B-Chat;Yi-34B-Chat;Emilia Müller;b11bc480-9d8d-4cac-8fcb-4657e407ad09
108;Emilia Müller;Yes;1075;Null;München;Yi-34B-Chat;Yi-34B-Chat;Emilia Müller;b9674d0b-1ca4-4a64-ba40-500fbcfb1325
109;Emilia Müller;Yes;1075;Null;München;Yi-34B-Chat;Yi-34B-Chat;Emilia Müller;b9674d0b-1ca4-4a64-ba40-500fbcfb1325
110;Peter Schmidt;Yes;935;Null;München;Yi-34B-Chat;Yi-34B-Chat;Emilia Müller;bdf22929-1584-47cf-b8f8-f1552b7bb04b
111;Emilia Müller;Yes;935;8.0;München;Yi-34B-Chat;Yi-34B-Chat;Emilia Müller;bdf22929-1584-47cf-b8f8-f1552b7bb04b
112;Emilia Müller;No;Null;Null;München;Yi-34B-Chat;Yi-34B-Chat;Emilia Müller;bef7870f-6a05-4ae7-bfe5-2162a74d10c7
113;Emilia Müller;No;Null;5.0;München;Yi-34B-Chat;Yi-34B-Chat;Emilia Müller;bef7870f-6a05-4ae7-bfe5-2162a74d10c7
114;Emilia Müller;Yes;950;1.0;München;Yi-34B-Chat;Yi-34B-Chat;Emilia Müller;c85e0920-09e6-4f55-9740-78938549efe1
115;Emilia Müller;Yes;950;Null;München;Yi-34B-Chat;Yi-34B-Chat;Emilia Müller;c85e0920-09e6-4f55-9740-78938549efe1
116;Peter Schmidt;No;Null;Null;München;Yi-34B-Chat;Yi-34B-Chat;Emilia Müller;d9402824-e745-41c9-94a4-9781c76c66a4
117;Emilia Müller;No;Null;Null;München;Yi-34B-Chat;Yi-34B-Chat;Emilia Müller;d9402824-e745-41c9-94a4-9781c76c66a4
118;Peter Schmidt;No;Null;Null;München;Yi-34B-Chat;Yi-34B-Chat;Emilia Müller;dd055480-6726-454f-8e56-05bd6615e882
119;Emilia Müller;No;Null;Null;München;Yi-34B-Chat;Yi-34B-Chat;Emilia Müller;dd055480-6726-454f-8e56-05bd6615e882
120;Peter Schmidt;No;Null;1.0;München;Yi-34B-Chat;Yi-34B-Chat;Emilia Müller;dff94b88-c042-4482-93ab-d3e9fd07033b
121;Emilia Müller;No;Null;Null;München;Yi-34B-Chat;Yi-34B-Chat;Emilia Müller;dff94b88-c042-4482-93ab-d3e9fd07033b
122;Emilia Müller;Yes;1025;1.0;München;Yi-34B-Chat;Yi-34B-Chat;Emilia Müller;e8cb740b-d41b-4959-bc0a-1d21547612a3
123;Emilia Müller;Yes;1025;7.0;München;Yi-34B-Chat;Yi-34B-Chat;Emilia Müller;e8cb740b-d41b-4959-bc0a-1d21547612a3
124;Peter Schmidt;Yes;650;8.0;Duisburg;Yi-34B-Chat;Yi-34B-Chat;Farhad Abbasi;12910e18-7bae-4bb5-baae-3cca3b8a94bd
125;Farhad Abbasi;Yes;650;9.0;Duisburg;Yi-34B-Chat;Yi-34B-Chat;Farhad Abbasi;12910e18-7bae-4bb5-baae-3cca3b8a94bd
126;Farhad Abbasi;No;Null;Null;Duisburg;Yi-34B-Chat;Yi-34B-Chat;Farhad Abbasi;21943dc2-cacb-49c4-ac63-2275d51715b8
127;Farhad Abbasi;Yes;975;1.0;Duisburg;Yi-34B-Chat;Yi-34B-Chat;Farhad Abbasi;21943dc2-cacb-49c4-ac63-2275d51715b8
128;Peter Schmidt;No;Null;1.0;Duisburg;Yi-34B-Chat;Yi-34B-Chat;Farhad Abbasi;2ef5a801-c681-4584-9924-ee36e7a6d8f6
129;Farhad Abbasi;Yes;875;Null;Duisburg;Yi-34B-Chat;Yi-34B-Chat;Farhad Abbasi;2ef5a801-c681-4584-9924-ee36e7a6d8f6
130;Farhad Abbasi;No;Null;1.0;Duisburg;Yi-34B-Chat;Yi-34B-Chat;Farhad Abbasi;3de8a889-4a13-4174-a62e-b95043e49f0b
131;Farhad Abbasi;No;Null;1.0;Duisburg;Yi-34B-Chat;Yi-34B-Chat;Farhad Abbasi;3de8a889-4a13-4174-a62e-b95043e49f0b
132;Peter Schmidt;Yes;775;Null;Duisburg;Yi-34B-Chat;Yi-34B-Chat;Farhad Abbasi;4b488df1-b5dc-4f48-8e8b-3abe5d99a33f
133;Farhad Abbasi;Yes;775;Null;Duisburg;Yi-34B-Chat;Yi-34B-Chat;Farhad Abbasi;4b488df1-b5dc-4f48-8e8b-3abe5d99a33f
134;Peter Schmidt;Yes;950;Null;Duisburg;Yi-34B-Chat;Yi-34B-Chat;Farhad Abbasi;53703740-4e83-431b-a3d3-3754520dff80
135;Farhad Abbasi;Yes;950;Null;Duisburg;Yi-34B-Chat;Yi-34B-Chat;Farhad Abbasi;53703740-4e83-431b-a3d3-3754520dff80
136;Farhad Abbasi;Yes;950;Null;Duisburg;Yi-34B-Chat;Yi-34B-Chat;Farhad Abbasi;540e4c35-1e56-4e69-b015-ac18f1bf851f
137;Farhad Abbasi;Yes;950;Null;Duisburg;Yi-34B-Chat;Yi-34B-Chat;Farhad Abbasi;540e4c35-1e56-4e69-b015-ac18f1bf851f
138;Peter Schmidt;No;Null;Null;Duisburg;Yi-34B-Chat;Yi-34B-Chat;Farhad Abbasi;5852a6c1-6b17-41f8-a0c6-3c6621219006
139;Farhad Abbasi;No;Null;Null;Duisburg;Yi-34B-Chat;Yi-34B-Chat;Farhad Abbasi;5852a6c1-6b17-41f8-a0c6-3c6621219006
140;Peter Schmidt;Yes;780;8.0;Duisburg;Yi-34B-Chat;Yi-34B-Chat;Farhad Abbasi;5a1ca6f7-daad-44ac-ae20-f69f00e7c268
141;Farhad Abbasi;Yes;780;8.0;Duisburg;Yi-34B-Chat;Yi-34B-Chat;Farhad Abbasi;5a1ca6f7-daad-44ac-ae20-f69f00e7c268
142;Peter Schmidt;Yes;450;Null;Duisburg;Yi-34B-Chat;Yi-34B-Chat;Farhad Abbasi;64d42b30-134e-4f2e-80f6-06e95002324b
143;Farhad Abbasi;Yes;450;Null;Duisburg;Yi-34B-Chat;Yi-34B-Chat;Farhad Abbasi;64d42b30-134e-4f2e-80f6-06e95002324b
144;Farhad Abbasi;No;Null;5.0;Duisburg;Yi-34B-Chat;Yi-34B-Chat;Farhad Abbasi;73f33ef6-0525-4dac-bb78-3dd487b0c59c
145;Farhad Abbasi;Yes;800;Null;Duisburg;Yi-34B-Chat;Yi-34B-Chat;Farhad Abbasi;73f33ef6-0525-4dac-bb78-3dd487b0c59c
146;Peter Schmidt;Yes;1,1;Null;Duisburg;Yi-34B-Chat;Yi-34B-Chat;Farhad Abbasi;776545e9-9c2b-4079-8745-b76012cf7a42
147;Farhad Abbasi;Yes;1,1;Null;Duisburg;Yi-34B-Chat;Yi-34B-Chat;Farhad Abbasi;776545e9-9c2b-4079-8745-b76012cf7a42
148;Farhad Abbasi;No;Null;1.0;Duisburg;Yi-34B-Chat;Yi-34B-Chat;Farhad Abbasi;790daae2-5cd3-4761-8dc3-24cc9719d6b4
149;Farhad Abbasi;No;Null;5.0;Duisburg;Yi-34B-Chat;Yi-34B-Chat;Farhad Abbasi;790daae2-5cd3-4761-8dc3-24cc9719d6b4
150;Farhad Abbasi;Yes;750;Null;Duisburg;Yi-34B-Chat;Yi-34B-Chat;Farhad Abbasi;b0a626d6-f285-49cc-ac41-de32c8ccaf12
151;Farhad Abbasi;Yes;750;1.0;Duisburg;Yi-34B-Chat;Yi-34B-Chat;Farhad Abbasi;b0a626d6-f285-49cc-ac41-de32c8ccaf12
152;Farhad Abbasi;Yes;950;8.0;Duisburg;Yi-34B-Chat;Yi-34B-Chat;Farhad Abbasi;b373b6a9-6238-4003-b143-68d18c7a1876
153;Farhad Abbasi;Yes;950;1.0;Duisburg;Yi-34B-Chat;Yi-34B-Chat;Farhad Abbasi;b373b6a9-6238-4003-b143-68d18c7a1876
154;Peter Schmidt;Yes;1,05;1.0;Duisburg;Yi-34B-Chat;Yi-34B-Chat;Farhad Abbasi;b3ca534a-25f9-4bc6-8849-db2ae725a2ee
155;Farhad Abbasi;Yes;1,05;8.0;Duisburg;Yi-34B-Chat;Yi-34B-Chat;Farhad Abbasi;b3ca534a-25f9-4bc6-8849-db2ae725a2ee
156;Peter Schmidt;Yes;890;Null;Duisburg;Yi-34B-Chat;Yi-34B-Chat;Farhad Abbasi;b99c3de5-e8cf-4727-a724-9fd436d64aae
157;Farhad Abbasi;Yes;890;Null;Duisburg;Yi-34B-Chat;Yi-34B-Chat;Farhad Abbasi;b99c3de5-e8cf-4727-a724-9fd436d64aae
158;Peter Schmidt;Yes;725;Null;Duisburg;Yi-34B-Chat;Yi-34B-Chat;Farhad Abbasi;bca1df7f-4798-4b48-9d04-895f0e9c1151
159;Farhad Abbasi;Yes;725;Null;Duisburg;Yi-34B-Chat;Yi-34B-Chat;Farhad Abbasi;bca1df7f-4798-4b48-9d04-895f0e9c1151
160;Farhad Abbasi;No;1,2;5.0;Duisburg;Yi-34B-Chat;Yi-34B-Chat;Farhad Abbasi;c4c3f483-97c5-4d3d-8acd-3b7c47961f9d
161;Farhad Abbasi;No;1,2;5.0;Duisburg;Yi-34B-Chat;Yi-34B-Chat;Farhad Abbasi;c4c3f483-97c5-4d3d-8acd-3b7c47961f9d
162;Peter Schmidt;Yes;600;8.0;Duisburg;Yi-34B-Chat;Yi-34B-Chat;Farhad Abbasi;c65fd1eb-8621-4023-8dda-d355dc713e36
163;Farhad Abbasi;Yes;600;Null;Duisburg;Yi-34B-Chat;Yi-34B-Chat;Farhad Abbasi;c65fd1eb-8621-4023-8dda-d355dc713e36
164;Peter Schmidt;Yes;700;Null;Duisburg;Yi-34B-Chat;Yi-34B-Chat;Farhad Abbasi;cb2c4725-0c4b-4489-a957-e7e5b89e1d6b
165;Farhad Abbasi;Yes;700;Null;Duisburg;Yi-34B-Chat;Yi-34B-Chat;Farhad Abbasi;cb2c4725-0c4b-4489-a957-e7e5b89e1d6b
166;Peter Schmidt;Yes;825;Null;Duisburg;Yi-34B-Chat;Yi-34B-Chat;Farhad Abbasi;d8a8edf1-b02e-4012-9c09-27cc3adb979f
167;Farhad Abbasi;Yes;825;Null;Duisburg;Yi-34B-Chat;Yi-34B-Chat;Farhad Abbasi;d8a8edf1-b02e-4012-9c09-27cc3adb979f
168;Farhad Abbasi;Yes;1,075;Null;Duisburg;Yi-34B-Chat;Yi-34B-Chat;Farhad Abbasi;dea42d2c-31ba-46f0-91d3-53baffee964a
169;Farhad Abbasi;Yes;1,075;9.0;Duisburg;Yi-34B-Chat;Yi-34B-Chat;Farhad Abbasi;dea42d2c-31ba-46f0-91d3-53baffee964a
170;Farhad Abbasi;Yes;850;Null;Duisburg;Yi-34B-Chat;Yi-34B-Chat;Farhad Abbasi;f6e73bbc-49ce-4571-b011-9acd2f09468a
171;Farhad Abbasi;Yes;850;1.0;Duisburg;Yi-34B-Chat;Yi-34B-Chat;Farhad Abbasi;f6e73bbc-49ce-4571-b011-9acd2f09468a
172;Farhad Abbasi;Yes;850;Null;Duisburg;Yi-34B-Chat;Yi-34B-Chat;Farhad Abbasi;f781f2b5-64ee-4ff2-beb4-1983aacd7034
173;Farhad Abbasi;Yes;850;Null;Duisburg;Yi-34B-Chat;Yi-34B-Chat;Farhad Abbasi;f781f2b5-64ee-4ff2-beb4-1983aacd7034
174;Peter Schmidt;Yes;700;1.0;Magdeburg;Yi-34B-Chat;Yi-34B-Chat;Farhad Abbasi;0cea06d8-f425-407c-95dd-d23a75e5efae
175;Farhad Abbasi;Yes;700;Null;Magdeburg;Yi-34B-Chat;Yi-34B-Chat;Farhad Abbasi;0cea06d8-f425-407c-95dd-d23a75e5efae
176;Farhad Abbasi;No;650;5.0;Magdeburg;Yi-34B-Chat;Yi-34B-Chat;Farhad Abbasi;16e62268-8f79-49d1-9f94-04b312e4eff6
177;Farhad Abbasi;No;Null;5.0;Magdeburg;Yi-34B-Chat;Yi-34B-Chat;Farhad Abbasi;16e62268-8f79-49d1-9f94-04b312e4eff6
178;Farhad Abbasi;Yes;675;Null;Magdeburg;Yi-34B-Chat;Yi-34B-Chat;Farhad Abbasi;195184b1-65a6-4786-b67f-eca191869b18
179;Farhad Abbasi;Yes;675;8.0;Magdeburg;Yi-34B-Chat;Yi-34B-Chat;Farhad Abbasi;195184b1-65a6-4786-b67f-eca191869b18
180;Farhad Abbasi;Yes;775;Null;Magdeburg;Yi-34B-Chat;Yi-34B-Chat;Farhad Abbasi;1adb9504-619c-447a-97ba-38e3eb0107ba
181;Farhad Abbasi;Yes;775;8.0;Magdeburg;Yi-34B-Chat;Yi-34B-Chat;Farhad Abbasi;1adb9504-619c-447a-97ba-38e3eb0107ba
182;Farhad Abbasi;No;Null;1.0;Magdeburg;Yi-34B-Chat;Yi-34B-Chat;Farhad Abbasi;2c6b1e75-cfc2-43e9-b407-34e9dfb4f165
183;Farhad Abbasi;No;Null;Null;Magdeburg;Yi-34B-Chat;Yi-34B-Chat;Farhad Abbasi;2c6b1e75-cfc2-43e9-b407-34e9dfb4f165
184;Peter Schmidt;Yes;925;Null;Magdeburg;Yi-34B-Chat;Yi-34B-Chat;Farhad Abbasi;4ec98560-a733-4dd4-9dd0-b83268a4d6e3
185;Farhad Abbasi;Yes;925;Null;Magdeburg;Yi-34B-Chat;Yi-34B-Chat;Farhad Abbasi;4ec98560-a733-4dd4-9dd0-b83268a4d6e3
186;Peter Schmidt;Yes;700;Null;Magdeburg;Yi-34B-Chat;Yi-34B-Chat;Farhad Abbasi;547feffe-91ab-4720-98c0-a129772e3165
187;Farhad Abbasi;Yes;700;1.0;Magdeburg;Yi-34B-Chat;Yi-34B-Chat;Farhad Abbasi;547feffe-91ab-4720-98c0-a129772e3165
188;Farhad Abbasi;Yes;700;Null;Magdeburg;Yi-34B-Chat;Yi-34B-Chat;Farhad Abbasi;60402d16-d174-4e43-854a-231f3d2ee3a3
189;Farhad Abbasi;Yes;700;Null;Magdeburg;Yi-34B-Chat;Yi-34B-Chat;Farhad Abbasi;60402d16-d174-4e43-854a-231f3d2ee3a3
190;Peter Schmidt;No;Null;5.0;Magdeburg;Yi-34B-Chat;Yi-34B-Chat;Farhad Abbasi;64905349-a8d2-405e-9388-4158a52b0f04
191;Farhad Abbasi;No;725;5.0;Magdeburg;Yi-34B-Chat;Yi-34B-Chat;Farhad Abbasi;64905349-a8d2-405e-9388-4158a52b0f04
192;Farhad Abbasi;No;Null;5.0;Magdeburg;Yi-34B-Chat;Yi-34B-Chat;Farhad Abbasi;6e287874-fee9-4be7-bc96-c117e178f57f
193;Farhad Abbasi;No;Null;Null;Magdeburg;Yi-34B-Chat;Yi-34B-Chat;Farhad Abbasi;6e287874-fee9-4be7-bc96-c117e178f57f
194;Peter Schmidt;Yes;735;Null;Magdeburg;Yi-34B-Chat;Yi-34B-Chat;Farhad Abbasi;6e4fabaf-bb5b-497d-a9e2-b1f7924c2b53
195;Farhad Abbasi;Yes;735;Null;Magdeburg;Yi-34B-Chat;Yi-34B-Chat;Farhad Abbasi;6e4fabaf-bb5b-497d-a9e2-b1f7924c2b53
196;Farhad Abbasi;Yes;675;Null;Magdeburg;Yi-34B-Chat;Yi-34B-Chat;Farhad Abbasi;6ec9b578-9627-4997-9fd3-dbf0b48b87e1
197;Farhad Abbasi;Yes;675;8.0;Magdeburg;Yi-34B-Chat;Yi-34B-Chat;Farhad Abbasi;6ec9b578-9627-4997-9fd3-dbf0b48b87e1
198;Peter Schmidt;No;Null;5.0;Magdeburg;Yi-34B-Chat;Yi-34B-Chat;Farhad Abbasi;82346c6a-ed37-4223-ae1c-1ff3c10839df
199;Farhad Abbasi;No;Null;5.0;Magdeburg;Yi-34B-Chat;Yi-34B-Chat;Farhad Abbasi;82346c6a-ed37-4223-ae1c-1ff3c10839df
200;Farhad Abbasi;Yes;750;Null;Magdeburg;Yi-34B-Chat;Yi-34B-Chat;Farhad Abbasi;872b3761-0b85-499a-847c-34f00889d493
201;Farhad Abbasi;Yes;750;Null;Magdeburg;Yi-34B-Chat;Yi-34B-Chat;Farhad Abbasi;872b3761-0b85-499a-847c-34f00889d493
202;Farhad Abbasi;Yes;525;8.0;Magdeburg;Yi-34B-Chat;Yi-34B-Chat;Farhad Abbasi;8ef0c282-1257-400d-889b-76148999d907
203;Farhad Abbasi;Yes;525;Null;Magdeburg;Yi-34B-Chat;Yi-34B-Chat;Farhad Abbasi;8ef0c282-1257-400d-889b-76148999d907
204;Farhad Abbasi;Yes;665;Null;Magdeburg;Yi-34B-Chat;Yi-34B-Chat;Farhad Abbasi;a598063a-09e9-40bf-ae69-f5926db1fcf6
205;Farhad Abbasi;Yes;665;1.0;Magdeburg;Yi-34B-Chat;Yi-34B-Chat;Farhad Abbasi;a598063a-09e9-40bf-ae69-f5926db1fcf6
206;Peter Schmidt;Yes;715;1.0;Magdeburg;Yi-34B-Chat;Yi-34B-Chat;Farhad Abbasi;a63ad649-687f-4611-94d3-e60d3a75d9dc
207;Farhad Abbasi;Yes;715;1.0;Magdeburg;Yi-34B-Chat;Yi-34B-Chat;Farhad Abbasi;a63ad649-687f-4611-94d3-e60d3a75d9dc
208;Peter Schmidt;Yes;950;Null;Magdeburg;Yi-34B-Chat;Yi-34B-Chat;Farhad Abbasi;b297cb04-abbe-4daa-a2f2-146ed8dcbbbb
209;Farhad Abbasi;Yes;950;Null;Magdeburg;Yi-34B-Chat;Yi-34B-Chat;Farhad Abbasi;b297cb04-abbe-4daa-a2f2-146ed8dcbbbb
210;Farhad Abbasi;Yes;875;Null;Magdeburg;Yi-34B-Chat;Yi-34B-Chat;Farhad Abbasi;d909007a-f848-4a73-89a5-23bc358e92b3
211;Farhad Abbasi;Yes;875;Null;Magdeburg;Yi-34B-Chat;Yi-34B-Chat;Farhad Abbasi;d909007a-f848-4a73-89a5-23bc358e92b3
212;Peter Schmidt;No;1;Null;Magdeburg;Yi-34B-Chat;Yi-34B-Chat;Farhad Abbasi;e1ddc644-0b67-4b42-afee-226aeb47201c
213;Farhad Abbasi;No;Null;Null;Magdeburg;Yi-34B-Chat;Yi-34B-Chat;Farhad Abbasi;e1ddc644-0b67-4b42-afee-226aeb47201c
214;Peter Schmidt;Yes;750;8.0;Magdeburg;Yi-34B-Chat;Yi-34B-Chat;Farhad Abbasi;e4747d2f-0e72-43c0-95c6-b6d69dc5f43a
215;Farhad Abbasi;Yes;750;8.0;Magdeburg;Yi-34B-Chat;Yi-34B-Chat;Farhad Abbasi;e4747d2f-0e72-43c0-95c6-b6d69dc5f43a
216;Farhad Abbasi;No;Null;5.0;Magdeburg;Yi-34B-Chat;Yi-34B-Chat;Farhad Abbasi;e538ed8a-cc1a-4aa2-a695-633aba5bb952
217;Farhad Abbasi;No;Null;5.0;Magdeburg;Yi-34B-Chat;Yi-34B-Chat;Farhad Abbasi;e538ed8a-cc1a-4aa2-a695-633aba5bb952
218;Peter Schmidt;Yes;850;Null;Magdeburg;Yi-34B-Chat;Yi-34B-Chat;Farhad Abbasi;eadc87b7-f1b2-44d0-9fb4-52f60aef1049
219;Farhad Abbasi;Yes;850;Null;Magdeburg;Yi-34B-Chat;Yi-34B-Chat;Farhad Abbasi;eadc87b7-f1b2-44d0-9fb4-52f60aef1049
220;Peter Schmidt;No;Null;5.0;Magdeburg;Yi-34B-Chat;Yi-34B-Chat;Farhad Abbasi;f07d24b6-b55c-4360-bfcf-4c94644170b8
221;Farhad Abbasi;No;Null;Null;Magdeburg;Yi-34B-Chat;Yi-34B-Chat;Farhad Abbasi;f07d24b6-b55c-4360-bfcf-4c94644170b8
222;Farhad Abbasi;No;Null;Null;Magdeburg;Yi-34B-Chat;Yi-34B-Chat;Farhad Abbasi;ff71b9f6-e4e3-4adc-bee7-d460a6308bd7
223;Farhad Abbasi;No;Null;Null;Magdeburg;Yi-34B-Chat;Yi-34B-Chat;Farhad Abbasi;ff71b9f6-e4e3-4adc-bee7-d460a6308bd7
224;Farhad Abbasi;Yes;1,35;9.0;München;Yi-34B-Chat;Yi-34B-Chat;Farhad Abbasi;0f8a1eb9-465a-4f4b-80a8-e51c3de8eb42
225;Farhad Abbasi;Yes;1,35;1.0;München;Yi-34B-Chat;Yi-34B-Chat;Farhad Abbasi;0f8a1eb9-465a-4f4b-80a8-e51c3de8eb42
226;Peter Schmidt;No;Null;5.0;München;Yi-34B-Chat;Yi-34B-Chat;Farhad Abbasi;1b9338bb-5c66-4af1-9210-0f7fef33ec72
227;Farhad Abbasi;No;1,3;5.0;München;Yi-34B-Chat;Yi-34B-Chat;Farhad Abbasi;1b9338bb-5c66-4af1-9210-0f7fef33ec72
228;Peter Schmidt;Yes;750;Null;München;Yi-34B-Chat;Yi-34B-Chat;Farhad Abbasi;1ef93b21-2e46-408b-bf3e-9e4c6bd87ae7
229;Farhad Abbasi;Yes;750;8.0;München;Yi-34B-Chat;Yi-34B-Chat;Farhad Abbasi;1ef93b21-2e46-408b-bf3e-9e4c6bd87ae7
230;Peter Schmidt;Yes;1;1.0;München;Yi-34B-Chat;Yi-34B-Chat;Farhad Abbasi;2e231961-a4d1-4fbb-9e48-cf368b0d845b
231;Farhad Abbasi;Yes;1;Null;München;Yi-34B-Chat;Yi-34B-Chat;Farhad Abbasi;2e231961-a4d1-4fbb-9e48-cf368b0d845b
232;Peter Schmidt;Yes;775;Null;München;Yi-34B-Chat;Yi-34B-Chat;Farhad Abbasi;3f6f9473-19c1-41d6-853c-4b86504ef291
233;Farhad Abbasi;Yes;775;1.0;München;Yi-34B-Chat;Yi-34B-Chat;Farhad Abbasi;3f6f9473-19c1-41d6-853c-4b86504ef291
234;Peter Schmidt;Yes;850;Null;München;Yi-34B-Chat;Yi-34B-Chat;Farhad Abbasi;43a24b8c-feb5-413f-a8fa-f317b8d0b118
235;Farhad Abbasi;Yes;850;Null;München;Yi-34B-Chat;Yi-34B-Chat;Farhad Abbasi;43a24b8c-feb5-413f-a8fa-f317b8d0b118
236;Farhad Abbasi;No;Null;1.0;München;Yi-34B-Chat;Yi-34B-Chat;Farhad Abbasi;4e2943f3-b4b3-4746-957c-29842e66727a
237;Farhad Abbasi;No;Null;Null;München;Yi-34B-Chat;Yi-34B-Chat;Farhad Abbasi;4e2943f3-b4b3-4746-957c-29842e66727a
238;Farhad Abbasi;Yes;890;Null;München;Yi-34B-Chat;Yi-34B-Chat;Farhad Abbasi;7b520396-2619-4d3c-bcea-da595d1dd94a
239;Farhad Abbasi;Yes;890;Null;München;Yi-34B-Chat;Yi-34B-Chat;Farhad Abbasi;7b520396-2619-4d3c-bcea-da595d1dd94a
240;Farhad Abbasi;No;900;5.0;München;Yi-34B-Chat;Yi-34B-Chat;Farhad Abbasi;83fea989-16a8-49eb-99d5-c62d9b0908c0
241;Farhad Abbasi;No;Null;1.0;München;Yi-34B-Chat;Yi-34B-Chat;Farhad Abbasi;83fea989-16a8-49eb-99d5-c62d9b0908c0
242;Farhad Abbasi;Yes;875;Null;München;Yi-34B-Chat;Yi-34B-Chat;Farhad Abbasi;8f90a01e-7ae0-4bb0-b61f-73dc4cc9ff6a
243;Farhad Abbasi;Yes;875;Null;München;Yi-34B-Chat;Yi-34B-Chat;Farhad Abbasi;8f90a01e-7ae0-4bb0-b61f-73dc4cc9ff6a
244;Peter Schmidt;No;Null;1.0;München;Yi-34B-Chat;Yi-34B-Chat;Farhad Abbasi;94e2113a-a2f1-4c64-aa14-90b5e0e93baf
245;Farhad Abbasi;No;Null;5.0;München;Yi-34B-Chat;Yi-34B-Chat;Farhad Abbasi;94e2113a-a2f1-4c64-aa14-90b5e0e93baf
246;Farhad Abbasi;Yes;875;8.0;München;Yi-34B-Chat;Yi-34B-Chat;Farhad Abbasi;973f5d37-24f1-4e59-b1a4-0191883bb04c
247;Farhad Abbasi;Yes;875;9.0;München;Yi-34B-Chat;Yi-34B-Chat;Farhad Abbasi;973f5d37-24f1-4e59-b1a4-0191883bb04c
248;Peter Schmidt;Yes;850;Null;München;Yi-34B-Chat;Yi-34B-Chat;Farhad Abbasi;9d2aa077-c604-4fad-9d53-ad2c6859ad8a
249;Farhad Abbasi;Yes;850;Null;München;Yi-34B-Chat;Yi-34B-Chat;Farhad Abbasi;9d2aa077-c604-4fad-9d53-ad2c6859ad8a
250;Peter Schmidt;Yes;900;Null;München;Yi-34B-Chat;Yi-34B-Chat;Farhad Abbasi;a62ad8c3-4cdc-4f87-ba58-e554ab71e908
251;Farhad Abbasi;No;Null;1.0;München;Yi-34B-Chat;Yi-34B-Chat;Farhad Abbasi;a62ad8c3-4cdc-4f87-ba58-e554ab71e908
252;Peter Schmidt;Yes;1600;1.0;München;Yi-34B-Chat;Yi-34B-Chat;Farhad Abbasi;b95625c7-ee30-4198-8cb5-0362d45881a3
253;Farhad Abbasi;Yes;1600;7.0;München;Yi-34B-Chat;Yi-34B-Chat;Farhad Abbasi;b95625c7-ee30-4198-8cb5-0362d45881a3
254;Farhad Abbasi;No;Null;Null;München;Yi-34B-Chat;Yi-34B-Chat;Farhad Abbasi;c67e7487-2694-4d28-ba22-a9fe0ff77356
255;Farhad Abbasi;No;Null;1.0;München;Yi-34B-Chat;Yi-34B-Chat;Farhad Abbasi;c67e7487-2694-4d28-ba22-a9fe0ff77356
256;Peter Schmidt;Yes;775;9.0;München;Yi-34B-Chat;Yi-34B-Chat;Farhad Abbasi;ce474806-7b0a-456b-a8f3-5ec8d4709af4
257;Farhad Abbasi;Yes;775;Null;München;Yi-34B-Chat;Yi-34B-Chat;Farhad Abbasi;ce474806-7b0a-456b-a8f3-5ec8d4709af4
258;Peter Schmidt;Yes;865;Null;München;Yi-34B-Chat;Yi-34B-Chat;Farhad Abbasi;dabd758a-27a6-4e20-8f86-d6b0209686af
259;Farhad Abbasi;Yes;865;8.0;München;Yi-34B-Chat;Yi-34B-Chat;Farhad Abbasi;dabd758a-27a6-4e20-8f86-d6b0209686af
260;Farhad Abbasi;Yes;825;Null;München;Yi-34B-Chat;Yi-34B-Chat;Farhad Abbasi;deae8fd1-ae11-4f83-a213-09c3fa8bec34
261;Farhad Abbasi;Yes;825;Null;München;Yi-34B-Chat;Yi-34B-Chat;Farhad Abbasi;deae8fd1-ae11-4f83-a213-09c3fa8bec34
262;Farhad Abbasi;Yes;650;Null;München;Yi-34B-Chat;Yi-34B-Chat;Farhad Abbasi;dff69fb6-bced-42eb-9fc0-8834f8a481b5
263;Farhad Abbasi;Yes;650;Null;München;Yi-34B-Chat;Yi-34B-Chat;Farhad Abbasi;dff69fb6-bced-42eb-9fc0-8834f8a481b5
264;Farhad Abbasi;Yes;925;8.0;München;Yi-34B-Chat;Yi-34B-Chat;Farhad Abbasi;e2052935-b545-46e9-9cbf-cfba5e251c1e
265;Farhad Abbasi;Yes;925;Null;München;Yi-34B-Chat;Yi-34B-Chat;Farhad Abbasi;e2052935-b545-46e9-9cbf-cfba5e251c1e
266;Peter Schmidt;Yes;950;Null;München;Yi-34B-Chat;Yi-34B-Chat;Farhad Abbasi;e2394872-5194-4787-98f7-af3ae9a5a644
267;Farhad Abbasi;Yes;950;8.0;München;Yi-34B-Chat;Yi-34B-Chat;Farhad Abbasi;e2394872-5194-4787-98f7-af3ae9a5a644
268;Peter Schmidt;Yes;1,1;Null;München;Yi-34B-Chat;Yi-34B-Chat;Farhad Abbasi;e2dace9e-50f2-4157-ad69-ccff5317fc5a
269;Farhad Abbasi;Yes;1,1;8.0;München;Yi-34B-Chat;Yi-34B-Chat;Farhad Abbasi;e2dace9e-50f2-4157-ad69-ccff5317fc5a
270;Peter Schmidt;Yes;725;8.0;München;Yi-34B-Chat;Yi-34B-Chat;Farhad Abbasi;e80ef977-f85e-4cc4-af80-2ab8f649def4
271;Farhad Abbasi;Yes;725;Null;München;Yi-34B-Chat;Yi-34B-Chat;Farhad Abbasi;e80ef977-f85e-4cc4-af80-2ab8f649def4
272;Peter Schmidt;No;Null;Null;München;Yi-34B-Chat;Yi-34B-Chat;Farhad Abbasi;f111bdd8-45b4-4d7d-8b98-050d63fea40b
273;Farhad Abbasi;No;Null;0.0;München;Yi-34B-Chat;Yi-34B-Chat;Farhad Abbasi;f111bdd8-45b4-4d7d-8b98-050d63fea40b
274;Haoyu Wang;Yes;790;Null;Duisburg;Yi-34B-Chat;Yi-34B-Chat;Haoyu Wang;1e0803db-3b5d-4c88-a537-e7d2032e9200
275;Haoyu Wang;Yes;790;1.0;Duisburg;Yi-34B-Chat;Yi-34B-Chat;Haoyu Wang;1e0803db-3b5d-4c88-a537-e7d2032e9200
276;Haoyu Wang;No;Null;5.0;Duisburg;Yi-34B-Chat;Yi-34B-Chat;Haoyu Wang;2642df9a-b238-484a-a147-3fa2ccc2d7a9
277;Haoyu Wang;No;Null;5.0;Duisburg;Yi-34B-Chat;Yi-34B-Chat;Haoyu Wang;2642df9a-b238-484a-a147-3fa2ccc2d7a9
278;Haoyu Wang;Yes;775;Null;Duisburg;Yi-34B-Chat;Yi-34B-Chat;Haoyu Wang;2b7b70d2-6f6c-434c-8477-f156f49b7678
279;Haoyu Wang;Yes;775;Null;Duisburg;Yi-34B-Chat;Yi-34B-Chat;Haoyu Wang;2b7b70d2-6f6c-434c-8477-f156f49b7678
280;Haoyu Wang;Yes;825;Null;Duisburg;Yi-34B-Chat;Yi-34B-Chat;Haoyu Wang;344851a7-6208-4d84-b1ba-a9f4cd7f9843
281;Haoyu Wang;Yes;825;8.0;Duisburg;Yi-34B-Chat;Yi-34B-Chat;Haoyu Wang;344851a7-6208-4d84-b1ba-a9f4cd7f9843
282;Haoyu Wang;No;Null;1.0;Duisburg;Yi-34B-Chat;Yi-34B-Chat;Haoyu Wang;3768ed51-31dc-4283-8f41-7bbd6ace6e01
283;Haoyu Wang;No;750;5.0;Duisburg;Yi-34B-Chat;Yi-34B-Chat;Haoyu Wang;3768ed51-31dc-4283-8f41-7bbd6ace6e01
284;Haoyu Wang;Yes;725;8.0;Duisburg;Yi-34B-Chat;Yi-34B-Chat;Haoyu Wang;4e518e2a-abbb-42b3-b49b-200f4fb0ffde
285;Haoyu Wang;Yes;725;8.0;Duisburg;Yi-34B-Chat;Yi-34B-Chat;Haoyu Wang;4e518e2a-abbb-42b3-b49b-200f4fb0ffde
286;Haoyu Wang;Yes;975;Null;Duisburg;Yi-34B-Chat;Yi-34B-Chat;Haoyu Wang;50b016dd-8c48-44a7-abb7-91ead99ea0f1
287;Haoyu Wang;Yes;975;9.0;Duisburg;Yi-34B-Chat;Yi-34B-Chat;Haoyu Wang;50b016dd-8c48-44a7-abb7-91ead99ea0f1
288;Haoyu Wang;Yes;900;1.0;Duisburg;Yi-34B-Chat;Yi-34B-Chat;Haoyu Wang;5f91aeb9-6655-4e03-9e70-9c6c7ec79978
289;Haoyu Wang;Yes;900;Null;Duisburg;Yi-34B-Chat;Yi-34B-Chat;Haoyu Wang;5f91aeb9-6655-4e03-9e70-9c6c7ec79978
290;Haoyu Wang;No;Null;Null;Duisburg;Yi-34B-Chat;Yi-34B-Chat;Haoyu Wang;71c1986a-29f8-4d6a-bf56-40b1f95c8555
291;Haoyu Wang;No;Null;1.0;Duisburg;Yi-34B-Chat;Yi-34B-Chat;Haoyu Wang;71c1986a-29f8-4d6a-bf56-40b1f95c8555
292;Haoyu Wang;Yes;685;1.0;Duisburg;Yi-34B-Chat;Yi-34B-Chat;Haoyu Wang;75e61520-0207-4f23-ac01-f18f97979513
293;Haoyu Wang;Yes;685;Null;Duisburg;Yi-34B-Chat;Yi-34B-Chat;Haoyu Wang;75e61520-0207-4f23-ac01-f18f97979513
294;Haoyu Wang;Yes;775;Null;Duisburg;Yi-34B-Chat;Yi-34B-Chat;Haoyu Wang;865a3f6f-9e81-4853-9897-19a61dbb3a2a
295;Haoyu Wang;Yes;775;1.0;Duisburg;Yi-34B-Chat;Yi-34B-Chat;Haoyu Wang;865a3f6f-9e81-4853-9897-19a61dbb3a2a
296;Haoyu Wang;Yes;775;Null;Duisburg;Yi-34B-Chat;Yi-34B-Chat;Haoyu Wang;8fa212fc-2052-41b1-920a-270ecdde7951
297;Haoyu Wang;Yes;775;Null;Duisburg;Yi-34B-Chat;Yi-34B-Chat;Haoyu Wang;8fa212fc-2052-41b1-920a-270ecdde7951
298;Peter Schmidt;No;725;1.0;Duisburg;Yi-34B-Chat;Yi-34B-Chat;Haoyu Wang;a686632c-3ca4-4e6a-b379-b93948500c3a
299;Haoyu Wang;No;Null;5.0;Duisburg;Yi-34B-Chat;Yi-34B-Chat;Haoyu Wang;a686632c-3ca4-4e6a-b379-b93948500c3a
300;Haoyu Wang;Yes;850;Null;Duisburg;Yi-34B-Chat;Yi-34B-Chat;Haoyu Wang;aa99125e-7157-4660-aff7-d03827db4ee5
301;Haoyu Wang;Yes;850;Null;Duisburg;Yi-34B-Chat;Yi-34B-Chat;Haoyu Wang;aa99125e-7157-4660-aff7-d03827db4ee5
302;Haoyu Wang;No;950;0.0;Duisburg;Yi-34B-Chat;Yi-34B-Chat;Haoyu Wang;b2ba4eb0-9126-4aec-919b-167c5a6baf89
303;Haoyu Wang;No;Null;Null;Duisburg;Yi-34B-Chat;Yi-34B-Chat;Haoyu Wang;b2ba4eb0-9126-4aec-919b-167c5a6baf89
304;Haoyu Wang;Yes;1;Null;Duisburg;Yi-34B-Chat;Yi-34B-Chat;Haoyu Wang;c2e4bfa9-6850-43ba-a5cf-7fc5f5de080e
305;Haoyu Wang;Yes;1;7.0;Duisburg;Yi-34B-Chat;Yi-34B-Chat;Haoyu Wang;c2e4bfa9-6850-43ba-a5cf-7fc5f5de080e
306;Haoyu Wang;Yes;900;8.0;Duisburg;Yi-34B-Chat;Yi-34B-Chat;Haoyu Wang;d060002e-3bac-402e-8cef-35133b8ba627
307;Haoyu Wang;Yes;900;8.0;Duisburg;Yi-34B-Chat;Yi-34B-Chat;Haoyu Wang;d060002e-3bac-402e-8cef-35133b8ba627
308;Haoyu Wang;Yes;750;Null;Duisburg;Yi-34B-Chat;Yi-34B-Chat;Haoyu Wang;d2ef311c-0173-48cb-b140-ab2c74815b40
309;Haoyu Wang;Yes;850;Null;Duisburg;Yi-34B-Chat;Yi-34B-Chat;Haoyu Wang;d2ef311c-0173-48cb-b140-ab2c74815b40
310;Haoyu Wang;Yes;750;Null;Duisburg;Yi-34B-Chat;Yi-34B-Chat;Haoyu Wang;e01c3172-7042-43fd-99d8-349ddbc3a175
311;Haoyu Wang;Yes;750;8.0;Duisburg;Yi-34B-Chat;Yi-34B-Chat;Haoyu Wang;e01c3172-7042-43fd-99d8-349ddbc3a175
312;Haoyu Wang;No;Null;5.0;Duisburg;Yi-34B-Chat;Yi-34B-Chat;Haoyu Wang;e6c81fc9-9051-4714-bbbd-7cde236355cc
313;Haoyu Wang;Yes;950;Null;Duisburg;Yi-34B-Chat;Yi-34B-Chat;Haoyu Wang;e6c81fc9-9051-4714-bbbd-7cde236355cc
314;Haoyu Wang;Yes;775;9.0;Duisburg;Yi-34B-Chat;Yi-34B-Chat;Haoyu Wang;eba67229-7bd2-45f3-a66d-2de466a3f020
315;Haoyu Wang;Yes;775;9.0;Duisburg;Yi-34B-Chat;Yi-34B-Chat;Haoyu Wang;eba67229-7bd2-45f3-a66d-2de466a3f020
316;Haoyu Wang;Yes;1,36;1.0;Duisburg;Yi-34B-Chat;Yi-34B-Chat;Haoyu Wang;edb172b7-2346-4eb2-94c1-4757bee3933b
317;Haoyu Wang;Yes;1,36;1.0;Duisburg;Yi-34B-Chat;Yi-34B-Chat;Haoyu Wang;edb172b7-2346-4eb2-94c1-4757bee3933b
318;Haoyu Wang;Yes;975;Null;Duisburg;Yi-34B-Chat;Yi-34B-Chat;Haoyu Wang;f08ee521-7b46-489f-b547-f01ff698ae48
319;Haoyu Wang;Yes;975;Null;Duisburg;Yi-34B-Chat;Yi-34B-Chat;Haoyu Wang;f08ee521-7b46-489f-b547-f01ff698ae48
320;Haoyu Wang;Yes;975;Null;Duisburg;Yi-34B-Chat;Yi-34B-Chat;Haoyu Wang;f4457328-4b9c-4fdc-9e10-ab8c2988630a
321;Haoyu Wang;Yes;975;Null;Duisburg;Yi-34B-Chat;Yi-34B-Chat;Haoyu Wang;f4457328-4b9c-4fdc-9e10-ab8c2988630a
322;Haoyu Wang;Yes;660;Null;Duisburg;Yi-34B-Chat;Yi-34B-Chat;Haoyu Wang;ffa09cc6-e948-4ea3-b913-0c924ee034ff
323;Haoyu Wang;Yes;660;Null;Duisburg;Yi-34B-Chat;Yi-34B-Chat;Haoyu Wang;ffa09cc6-e948-4ea3-b913-0c924ee034ff
324;Haoyu Wang;Yes;775;Null;Magdeburg;Yi-34B-Chat;Yi-34B-Chat;Haoyu Wang;04d0a5f8-782a-4ffb-a773-5486e53b8ead
325;Haoyu Wang;Yes;775;8.0;Magdeburg;Yi-34B-Chat;Yi-34B-Chat;Haoyu Wang;04d0a5f8-782a-4ffb-a773-5486e53b8ead
326;Haoyu Wang;Yes;850;1.0;Magdeburg;Yi-34B-Chat;Yi-34B-Chat;Haoyu Wang;09ee12b6-0380-451f-befd-817d19f50dc2
327;Null;Yes;850;8.0;Magdeburg;Yi-34B-Chat;Yi-34B-Chat;Haoyu Wang;09ee12b6-0380-451f-befd-817d19f50dc2
328;Haoyu Wang;Yes;575;1.0;Magdeburg;Yi-34B-Chat;Yi-34B-Chat;Haoyu Wang;0de44263-7b82-4fb8-b52c-ac409ee4f745
329;Haoyu Wang;Yes;575;1.0;Magdeburg;Yi-34B-Chat;Yi-34B-Chat;Haoyu Wang;0de44263-7b82-4fb8-b52c-ac409ee4f745
330;Peter Schmidt;No;850;1.0;Magdeburg;Yi-34B-Chat;Yi-34B-Chat;Haoyu Wang;149d1f36-4081-4b1a-aac2-8648a99cd5b6
331;Haoyu Wang;No;Null;1.0;Magdeburg;Yi-34B-Chat;Yi-34B-Chat;Haoyu Wang;149d1f36-4081-4b1a-aac2-8648a99cd5b6
332;Haoyu Wang;No;Null;Null;Magdeburg;Yi-34B-Chat;Yi-34B-Chat;Haoyu Wang;158137d7-7ea5-4d6d-b8e3-d701eef9bea1
333;Haoyu Wang;No;Null;5.0;Magdeburg;Yi-34B-Chat;Yi-34B-Chat;Haoyu Wang;158137d7-7ea5-4d6d-b8e3-d701eef9bea1
334;Haoyu Wang;No;Null;5.0;Magdeburg;Yi-34B-Chat;Yi-34B-Chat;Haoyu Wang;1c7e6600-1fb4-4a66-a96f-6c2768b6c5b1
335;Haoyu Wang;No;Null;Null;Magdeburg;Yi-34B-Chat;Yi-34B-Chat;Haoyu Wang;1c7e6600-1fb4-4a66-a96f-6c2768b6c5b1
336;Haoyu Wang;Yes;700;8.0;Magdeburg;Yi-34B-Chat;Yi-34B-Chat;Haoyu Wang;242e5f95-a9ac-4ba9-8a70-c382c02d40d2
337;Haoyu Wang;Yes;700;Null;Magdeburg;Yi-34B-Chat;Yi-34B-Chat;Haoyu Wang;242e5f95-a9ac-4ba9-8a70-c382c02d40d2
338;Peter Schmidt;Yes;685;1.0;Magdeburg;Yi-34B-Chat;Yi-34B-Chat;Haoyu Wang;2e31d02c-231d-47b1-b139-a87a97bbf8c0
339;Haoyu Wang;Yes;685;9.0;Magdeburg;Yi-34B-Chat;Yi-34B-Chat;Haoyu Wang;2e31d02c-231d-47b1-b139-a87a97bbf8c0
340;Peter Schmidt;No;750;1.0;Magdeburg;Yi-34B-Chat;Yi-34B-Chat;Haoyu Wang;40fe3f1e-fb26-4544-bcea-6669d02d0f65
341;Haoyu Wang;No;Null;Null;Magdeburg;Yi-34B-Chat;Yi-34B-Chat;Haoyu Wang;40fe3f1e-fb26-4544-bcea-6669d02d0f65
342;Haoyu Wang;Yes;700;1.0;Magdeburg;Yi-34B-Chat;Yi-34B-Chat;Haoyu Wang;52321fbb-c887-4ec3-8eda-3d2d49d6e156
343;Haoyu Wang;Yes;700;8.0;Magdeburg;Yi-34B-Chat;Yi-34B-Chat;Haoyu Wang;52321fbb-c887-4ec3-8eda-3d2d49d6e156
344;Peter Schmidt;Yes;862;Null;Magdeburg;Yi-34B-Chat;Yi-34B-Chat;Haoyu Wang;5e655e53-7404-4ce1-8e9b-a912621ca37c
345;Haoyu Wang;Yes;862;9.0;Magdeburg;Yi-34B-Chat;Yi-34B-Chat;Haoyu Wang;5e655e53-7404-4ce1-8e9b-a912621ca37c
346;Haoyu Wang;Yes;950;Null;Magdeburg;Yi-34B-Chat;Yi-34B-Chat;Haoyu Wang;61099734-21c5-40e5-8393-05e9eb603ce5
347;Haoyu Wang;Yes;950;Null;Magdeburg;Yi-34B-Chat;Yi-34B-Chat;Haoyu Wang;61099734-21c5-40e5-8393-05e9eb603ce5
348;Peter Schmidt;No;Null;1.0;Magdeburg;Yi-34B-Chat;Yi-34B-Chat;Haoyu Wang;694e83f0-6537-40e9-a1b2-4b7f02c9ef43
349;Haoyu Wang;No;800;5.0;Magdeburg;Yi-34B-Chat;Yi-34B-Chat;Haoyu Wang;694e83f0-6537-40e9-a1b2-4b7f02c9ef43
350;Haoyu Wang;No;Null;5.0;Magdeburg;Yi-34B-Chat;Yi-34B-Chat;Haoyu Wang;6dafc0e9-b2c5-4946-82c2-f18788e93212
351;Haoyu Wang;No;Null;5.0;Magdeburg;Yi-34B-Chat;Yi-34B-Chat;Haoyu Wang;6dafc0e9-b2c5-4946-82c2-f18788e93212
352;Haoyu Wang;Yes;760;Null;Magdeburg;Yi-34B-Chat;Yi-34B-Chat;Haoyu Wang;8161784a-32a4-4523-ad48-0255f80fc95d
353;Haoyu Wang;Yes;760;Null;Magdeburg;Yi-34B-Chat;Yi-34B-Chat;Haoyu Wang;8161784a-32a4-4523-ad48-0255f80fc95d
354;Haoyu Wang;Yes;625;1.0;Magdeburg;Yi-34B-Chat;Yi-34B-Chat;Haoyu Wang;829c3f31-22d3-4af1-8646-ac371e5566ac
355;Haoyu Wang;Yes;625;Null;Magdeburg;Yi-34B-Chat;Yi-34B-Chat;Haoyu Wang;829c3f31-22d3-4af1-8646-ac371e5566ac
356;Haoyu Wang;No;600;1.0;Magdeburg;Yi-34B-Chat;Yi-34B-Chat;Haoyu Wang;853f8e42-e9b6-429d-bc6a-c5d040c4f03c
357;Haoyu Wang;No;Null;1.0;Magdeburg;Yi-34B-Chat;Yi-34B-Chat;Haoyu Wang;853f8e42-e9b6-429d-bc6a-c5d040c4f03c
358;Haoyu Wang;Yes;675;Null;Magdeburg;Yi-34B-Chat;Yi-34B-Chat;Haoyu Wang;951358df-2dc2-4d21-8329-c7381fc4ea30
359;Haoyu Wang;Yes;675;8.0;Magdeburg;Yi-34B-Chat;Yi-34B-Chat;Haoyu Wang;951358df-2dc2-4d21-8329-c7381fc4ea30
360;Peter Schmidt;Yes;830;Null;Magdeburg;Yi-34B-Chat;Yi-34B-Chat;Haoyu Wang;9e4af36c-de43-42d4-aa60-1457d8bed94c
361;Haoyu Wang;Yes;850;Null;Magdeburg;Yi-34B-Chat;Yi-34B-Chat;Haoyu Wang;9e4af36c-de43-42d4-aa60-1457d8bed94c
362;Haoyu Wang;No;Null;Null;Magdeburg;Yi-34B-Chat;Yi-34B-Chat;Haoyu Wang;a8292366-1f82-4ece-9ef3-f1a808f79677
363;Haoyu Wang;No;705;1.0;Magdeburg;Yi-34B-Chat;Yi-34B-Chat;Haoyu Wang;a8292366-1f82-4ece-9ef3-f1a808f79677
364;Haoyu Wang;Yes;550;9.0;Magdeburg;Yi-34B-Chat;Yi-34B-Chat;Haoyu Wang;c3e6b16f-446b-4aaa-893d-a0bc2c28f1ea
365;Haoyu Wang;Yes;550;10.0;Magdeburg;Yi-34B-Chat;Yi-34B-Chat;Haoyu Wang;c3e6b16f-446b-4aaa-893d-a0bc2c28f1ea
366;Haoyu Wang;Yes;875;Null;Magdeburg;Yi-34B-Chat;Yi-34B-Chat;Haoyu Wang;c7113c59-e87d-4895-a811-780bc2cbfb8a
367;Haoyu Wang;Yes;875;Null;Magdeburg;Yi-34B-Chat;Yi-34B-Chat;Haoyu Wang;c7113c59-e87d-4895-a811-780bc2cbfb8a
368;Haoyu Wang;Yes;850;1.0;Magdeburg;Yi-34B-Chat;Yi-34B-Chat;Haoyu Wang;da071cbe-b057-4178-9a76-3eddbb1e52bd
369;Haoyu Wang;Yes;850;1.0;Magdeburg;Yi-34B-Chat;Yi-34B-Chat;Haoyu Wang;da071cbe-b057-4178-9a76-3eddbb1e52bd
370;Haoyu Wang;Yes;900;9.0;Magdeburg;Yi-34B-Chat;Yi-34B-Chat;Haoyu Wang;fa2a8c6c-62be-4ba4-8e26-ed00301e36d3
371;Haoyu Wang;Yes;900;1.0;Magdeburg;Yi-34B-Chat;Yi-34B-Chat;Haoyu Wang;fa2a8c6c-62be-4ba4-8e26-ed00301e36d3
372;Haoyu Wang;Yes;700;Null;Magdeburg;Yi-34B-Chat;Yi-34B-Chat;Haoyu Wang;fb59b1a5-03e2-44ef-bbc7-7219486495fb
373;Haoyu Wang;Yes;700;Null;Magdeburg;Yi-34B-Chat;Yi-34B-Chat;Haoyu Wang;fb59b1a5-03e2-44ef-bbc7-7219486495fb
374;Haoyu Wang;No;925;1.0;München;Yi-34B-Chat;Yi-34B-Chat;Haoyu Wang;022f5120-8776-465c-89f3-ea692f2a78da
375;Haoyu Wang;No;925;1.0;München;Yi-34B-Chat;Yi-34B-Chat;Haoyu Wang;022f5120-8776-465c-89f3-ea692f2a78da
376;Haoyu Wang;No;2;1.0;München;Yi-34B-Chat;Yi-34B-Chat;Haoyu Wang;2414571f-4df3-4abd-a49f-fd93596301bf
377;Haoyu Wang;No;1,8;5.0;München;Yi-34B-Chat;Yi-34B-Chat;Haoyu Wang;2414571f-4df3-4abd-a49f-fd93596301bf
378;Peter Schmidt;No;Null;1.0;München;Yi-34B-Chat;Yi-34B-Chat;Haoyu Wang;24263d20-ab8d-4761-80f3-409e89aec1eb
379;Haoyu Wang;No;680;5.0;München;Yi-34B-Chat;Yi-34B-Chat;Haoyu Wang;24263d20-ab8d-4761-80f3-409e89aec1eb
380;Haoyu Wang;Yes;875;8.0;München;Yi-34B-Chat;Yi-34B-Chat;Haoyu Wang;26c3af3f-9c61-466a-a52b-e3ec6e0ce891
381;Haoyu Wang;Yes;875;Null;München;Yi-34B-Chat;Yi-34B-Chat;Haoyu Wang;26c3af3f-9c61-466a-a52b-e3ec6e0ce891
382;Peter Schmidt;Yes;750;Null;München;Yi-34B-Chat;Yi-34B-Chat;Haoyu Wang;29291ba9-225d-450b-8188-f78df27c9147
383;Haoyu Wang;Yes;750;10.0;München;Yi-34B-Chat;Yi-34B-Chat;Haoyu Wang;29291ba9-225d-450b-8188-f78df27c9147
384;Peter Schmidt;No;Null;1.0;München;Yi-34B-Chat;Yi-34B-Chat;Haoyu Wang;2eeaf15d-40a1-4d17-9792-4a5c042d8084
385;Haoyu Wang;No;Null;1.0;München;Yi-34B-Chat;Yi-34B-Chat;Haoyu Wang;2eeaf15d-40a1-4d17-9792-4a5c042d8084
386;Haoyu Wang;Yes;1,4;Null;München;Yi-34B-Chat;Yi-34B-Chat;Haoyu Wang;2ef4e07c-697b-4e69-8e0a-b340ccd5dcad
387;Haoyu Wang;Yes;1,4;Null;München;Yi-34B-Chat;Yi-34B-Chat;Haoyu Wang;2ef4e07c-697b-4e69-8e0a-b340ccd5dcad
388;Haoyu Wang;Yes;2;1.0;München;Yi-34B-Chat;Yi-34B-Chat;Haoyu Wang;4a4abb8b-4ff2-406b-a2cf-e57705ba3b01
389;Haoyu Wang;No;Null;1.0;München;Yi-34B-Chat;Yi-34B-Chat;Haoyu Wang;4a4abb8b-4ff2-406b-a2cf-e57705ba3b01
390;Haoyu Wang;Yes;1,35;Null;München;Yi-34B-Chat;Yi-34B-Chat;Haoyu Wang;58faf3bc-45ee-4250-94df-8973fcea4ee6
391;Haoyu Wang;Yes;1,35;Null;München;Yi-34B-Chat;Yi-34B-Chat;Haoyu Wang;58faf3bc-45ee-4250-94df-8973fcea4ee6
392;Haoyu Wang;Yes;1,05;1.0;München;Yi-34B-Chat;Yi-34B-Chat;Haoyu Wang;6719a725-024b-49e0-9178-1a25fa90def4
393;Haoyu Wang;Yes;1,05;1.0;München;Yi-34B-Chat;Yi-34B-Chat;Haoyu Wang;6719a725-024b-49e0-9178-1a25fa90def4
394;Haoyu Wang;Yes;1,85;8.0;München;Yi-34B-Chat;Yi-34B-Chat;Haoyu Wang;7742d02d-b8b2-4f92-8012-f9fd07cc1d50
395;Haoyu Wang;Yes;1,85;8.0;München;Yi-34B-Chat;Yi-34B-Chat;Haoyu Wang;7742d02d-b8b2-4f92-8012-f9fd07cc1d50
396;Haoyu Wang;No;2500;5.0;München;Yi-34B-Chat;Yi-34B-Chat;Haoyu Wang;77890545-866d-4aa4-b444-b360bc4f038b
397;Haoyu Wang;No;Null;Null;München;Yi-34B-Chat;Yi-34B-Chat;Haoyu Wang;77890545-866d-4aa4-b444-b360bc4f038b
398;Haoyu Wang;No;Null;Null;München;Yi-34B-Chat;Yi-34B-Chat;Haoyu Wang;77d52911-a61b-45f5-9484-4b7849dad850
399;Haoyu Wang;No;950;1.0;München;Yi-34B-Chat;Yi-34B-Chat;Haoyu Wang;77d52911-a61b-45f5-9484-4b7849dad850
400;Peter Schmidt;Yes;725;8.0;München;Yi-34B-Chat;Yi-34B-Chat;Haoyu Wang;aa9efb8f-df73-42fe-a213-0e0bff65857b
401;Haoyu Wang;Yes;725;Null;München;Yi-34B-Chat;Yi-34B-Chat;Haoyu Wang;aa9efb8f-df73-42fe-a213-0e0bff65857b
402;Haoyu Wang;Yes;1,35;Null;München;Yi-34B-Chat;Yi-34B-Chat;Haoyu Wang;ac4b3afc-d0d6-4229-9227-4cafd169570c
403;Haoyu Wang;Yes;1,35;Null;München;Yi-34B-Chat;Yi-34B-Chat;Haoyu Wang;ac4b3afc-d0d6-4229-9227-4cafd169570c
404;Haoyu Wang;No;Null;5.0;München;Yi-34B-Chat;Yi-34B-Chat;Haoyu Wang;bd130ceb-4f59-40fa-b14f-4f2f2cd5fceb
405;Haoyu Wang;No;Null;5.0;München;Yi-34B-Chat;Yi-34B-Chat;Haoyu Wang;bd130ceb-4f59-40fa-b14f-4f2f2cd5fceb
406;Haoyu Wang;No;Null;Null;München;Yi-34B-Chat;Yi-34B-Chat;Haoyu Wang;bfb161b1-79ea-452a-b784-180c689e79d3
407;Haoyu Wang;No;Null;Null;München;Yi-34B-Chat;Yi-34B-Chat;Haoyu Wang;bfb161b1-79ea-452a-b784-180c689e79d3
408;Haoyu Wang;No;Null;5.0;München;Yi-34B-Chat;Yi-34B-Chat;Haoyu Wang;c88a284b-a785-4ef0-b01e-07c418cea67e
409;Haoyu Wang;Yes;1,05;8.0;München;Yi-34B-Chat;Yi-34B-Chat;Haoyu Wang;c88a284b-a785-4ef0-b01e-07c418cea67e
410;Peter Schmidt;Yes;1100;1.0;München;Yi-34B-Chat;Yi-34B-Chat;Haoyu Wang;d09d5369-6c01-49d1-9a02-09ddba47d5df
411;Haoyu Wang;Yes;1100;Null;München;Yi-34B-Chat;Yi-34B-Chat;Haoyu Wang;d09d5369-6c01-49d1-9a02-09ddba47d5df
412;Haoyu Wang;Yes;1600;1.0;München;Yi-34B-Chat;Yi-34B-Chat;Haoyu Wang;d0c4e55d-a0bf-4542-b4bb-1ef6a7999f41
413;Haoyu Wang;Yes;1600;Null;München;Yi-34B-Chat;Yi-34B-Chat;Haoyu Wang;d0c4e55d-a0bf-4542-b4bb-1ef6a7999f41
414;Haoyu Wang;Yes;1100;1.0;München;Yi-34B-Chat;Yi-34B-Chat;Haoyu Wang;d70eea9a-2301-4d3b-9c1f-19cfc4d5ee03
415;Haoyu Wang;No;Null;5.0;München;Yi-34B-Chat;Yi-34B-Chat;Haoyu Wang;d70eea9a-2301-4d3b-9c1f-19cfc4d5ee03
416;Haoyu Wang;No;Null;Null;München;Yi-34B-Chat;Yi-34B-Chat;Haoyu Wang;ed5db079-3ad6-49a9-9689-2eef123fb0e2
417;Haoyu Wang;No;Null;1.0;München;Yi-34B-Chat;Yi-34B-Chat;Haoyu Wang;ed5db079-3ad6-49a9-9689-2eef123fb0e2
418;Haoyu Wang;Yes;1,95;8.0;München;Yi-34B-Chat;Yi-34B-Chat;Haoyu Wang;f0889e2c-fbe3-4288-a2b1-800d363cc03d
419;Haoyu Wang;Yes;1,95;8.0;München;Yi-34B-Chat;Yi-34B-Chat;Haoyu Wang;f0889e2c-fbe3-4288-a2b1-800d363cc03d
420;Haoyu Wang;Yes;850;1.0;München;Yi-34B-Chat;Yi-34B-Chat;Haoyu Wang;fd428d9a-1ee7-42f3-af52-85153fbaffc7
421;Haoyu Wang;Yes;850;Null;München;Yi-34B-Chat;Yi-34B-Chat;Haoyu Wang;fd428d9a-1ee7-42f3-af52-85153fbaffc7
422;Haoyu Wang;No;Null;Null;München;Yi-34B-Chat;Yi-34B-Chat;Haoyu Wang;fe67e224-0403-4631-8b24-b53b4c4ddb1a
423;Haoyu Wang;No;Null;Null;München;Yi-34B-Chat;Yi-34B-Chat;Haoyu Wang;fe67e224-0403-4631-8b24-b53b4c4ddb1a
424;Maryam Abbasi;Yes;935;1.0;Duisburg;Yi-34B-Chat;Yi-34B-Chat;Maryam Abbasi;0a9b6b2a-2ae4-40cd-82d8-c6273b352a4c
425;Maryam Abbasi;Yes;935;Null;Duisburg;Yi-34B-Chat;Yi-34B-Chat;Maryam Abbasi;0a9b6b2a-2ae4-40cd-82d8-c6273b352a4c
426;Peter Schmidt;Yes;900;8.0;Duisburg;Yi-34B-Chat;Yi-34B-Chat;Maryam Abbasi;0e268ccf-8685-467d-bd25-ab2a25e45eff
427;Maryam Abbasi;Yes;900;Null;Duisburg;Yi-34B-Chat;Yi-34B-Chat;Maryam Abbasi;0e268ccf-8685-467d-bd25-ab2a25e45eff
428;Maryam Abbasi;No;Null;1.0;Duisburg;Yi-34B-Chat;Yi-34B-Chat;Maryam Abbasi;0fec315d-5b84-472a-b233-18822c6cd2a7
429;Maryam Abbasi;No;Null;Null;Duisburg;Yi-34B-Chat;Yi-34B-Chat;Maryam Abbasi;0fec315d-5b84-472a-b233-18822c6cd2a7
430;Peter Schmidt;Yes;935;Null;Duisburg;Yi-34B-Chat;Yi-34B-Chat;Maryam Abbasi;18406332-18ac-4ffa-a387-6b83745bf341
431;Maryam Abbasi;Yes;935;Null;Duisburg;Yi-34B-Chat;Yi-34B-Chat;Maryam Abbasi;18406332-18ac-4ffa-a387-6b83745bf341
432;Maryam Abbasi;Yes;680;Null;Duisburg;Yi-34B-Chat;Yi-34B-Chat;Maryam Abbasi;3333a343-d367-425f-ba77-0ca37c888f99
433;Maryam Abbasi;Yes;680;Null;Duisburg;Yi-34B-Chat;Yi-34B-Chat;Maryam Abbasi;3333a343-d367-425f-ba77-0ca37c888f99
434;Maryam Abbasi;Yes;750;Null;Duisburg;Yi-34B-Chat;Yi-34B-Chat;Maryam Abbasi;3bf611f8-d2a7-47a9-aa52-d6c66c3864c2
435;Maryam Abbasi;Yes;750;Null;Duisburg;Yi-34B-Chat;Yi-34B-Chat;Maryam Abbasi;3bf611f8-d2a7-47a9-aa52-d6c66c3864c2
436;Maryam Abbasi;Yes;715;Null;Duisburg;Yi-34B-Chat;Yi-34B-Chat;Maryam Abbasi;454f1c0e-cb46-45e8-b432-a60f54dcb2a0
437;Maryam Abbasi;Yes;715;1.0;Duisburg;Yi-34B-Chat;Yi-34B-Chat;Maryam Abbasi;454f1c0e-cb46-45e8-b432-a60f54dcb2a0
438;Maryam Abbasi;Yes;925;Null;Duisburg;Yi-34B-Chat;Yi-34B-Chat;Maryam Abbasi;4a1d82a8-ddcc-43f0-b662-cd17b88e165e
439;Maryam Abbasi;Yes;925;7.0;Duisburg;Yi-34B-Chat;Yi-34B-Chat;Maryam Abbasi;4a1d82a8-ddcc-43f0-b662-cd17b88e165e
440;Peter Schmidt;Yes;730;Null;Duisburg;Yi-34B-Chat;Yi-34B-Chat;Maryam Abbasi;5049b3ed-654e-4747-bc18-845824785896
441;Maryam Abbasi;Yes;730;Null;Duisburg;Yi-34B-Chat;Yi-34B-Chat;Maryam Abbasi;5049b3ed-654e-4747-bc18-845824785896
442;Peter Schmidt;Yes;850;8.0;Duisburg;Yi-34B-Chat;Yi-34B-Chat;Maryam Abbasi;57a39714-4ed3-4815-b5c5-51bf1c63a994
443;Maryam Abbasi;Yes;850;8.0;Duisburg;Yi-34B-Chat;Yi-34B-Chat;Maryam Abbasi;57a39714-4ed3-4815-b5c5-51bf1c63a994
444;Peter Schmidt;No;975;5.0;Duisburg;Yi-34B-Chat;Yi-34B-Chat;Maryam Abbasi;5b1dddd7-e60a-43ec-b4b6-e10baad52687
445;Maryam Abbasi;No;975;5.0;Duisburg;Yi-34B-Chat;Yi-34B-Chat;Maryam Abbasi;5b1dddd7-e60a-43ec-b4b6-e10baad52687
446;Maryam Abbasi;No;Null;5.0;Duisburg;Yi-34B-Chat;Yi-34B-Chat;Maryam Abbasi;5db84e5d-b8dc-40b3-b85b-2eec5a7b7399
447;Maryam Abbasi;No;Null;Null;Duisburg;Yi-34B-Chat;Yi-34B-Chat;Maryam Abbasi;5db84e5d-b8dc-40b3-b85b-2eec5a7b7399
448;Peter Schmidt;No;Null;Null;Duisburg;Yi-34B-Chat;Yi-34B-Chat;Maryam Abbasi;5f32fbf4-c7ea-4113-a2b1-01976373efee
449;Maryam Abbasi;No;Null;0.0;Duisburg;Yi-34B-Chat;Yi-34B-Chat;Maryam Abbasi;5f32fbf4-c7ea-4113-a2b1-01976373efee
450;Maryam Abbasi;Yes;7800;1.0;Duisburg;Yi-34B-Chat;Yi-34B-Chat;Maryam Abbasi;6135796c-2804-4d6c-bfff-2d30fd695a8c
451;Maryam Abbasi;Yes;700;8.0;Duisburg;Yi-34B-Chat;Yi-34B-Chat;Maryam Abbasi;6135796c-2804-4d6c-bfff-2d30fd695a8c
452;Peter Schmidt;Yes;575;Null;Duisburg;Yi-34B-Chat;Yi-34B-Chat;Maryam Abbasi;62b9b6dd-154e-4fd7-bdea-7a6537ec116a
453;Maryam Abbasi;Yes;575;1.0;Duisburg;Yi-34B-Chat;Yi-34B-Chat;Maryam Abbasi;62b9b6dd-154e-4fd7-bdea-7a6537ec116a
454;Peter Schmidt;Yes;900;1.0;Duisburg;Yi-34B-Chat;Yi-34B-Chat;Maryam Abbasi;6f62ba95-fd1e-4d88-9afe-eb5b1a2fff3c
455;Maryam Abbasi;Yes;900;Null;Duisburg;Yi-34B-Chat;Yi-34B-Chat;Maryam Abbasi;6f62ba95-fd1e-4d88-9afe-eb5b1a2fff3c
456;Maryam Abbasi;Yes;750;10.0;Duisburg;Yi-34B-Chat;Yi-34B-Chat;Maryam Abbasi;718dd3d2-8709-413c-ab73-31eb827eea48
457;Maryam Abbasi;Yes;750;8.0;Duisburg;Yi-34B-Chat;Yi-34B-Chat;Maryam Abbasi;718dd3d2-8709-413c-ab73-31eb827eea48
458;Peter Schmidt;Yes;1100;Null;Duisburg;Yi-34B-Chat;Yi-34B-Chat;Maryam Abbasi;7666dd42-85d1-46e4-8f8c-33b87b1914e4
459;Maryam Abbasi;Yes;1100;7.0;Duisburg;Yi-34B-Chat;Yi-34B-Chat;Maryam Abbasi;7666dd42-85d1-46e4-8f8c-33b87b1914e4
460;Peter Schmidt;Yes;750;Null;Duisburg;Yi-34B-Chat;Yi-34B-Chat;Maryam Abbasi;8876d902-62a8-414b-af8a-3168c2b050e3
461;Maryam Abbasi;Yes;750;1.0;Duisburg;Yi-34B-Chat;Yi-34B-Chat;Maryam Abbasi;8876d902-62a8-414b-af8a-3168c2b050e3
462;Maryam Abbasi;Yes;750;8.0;Duisburg;Yi-34B-Chat;Yi-34B-Chat;Maryam Abbasi;9507f6e6-9272-4489-a77e-1f7b36f8d4b3
463;Maryam Abbasi;No;Null;1.0;Duisburg;Yi-34B-Chat;Yi-34B-Chat;Maryam Abbasi;9507f6e6-9272-4489-a77e-1f7b36f8d4b3
464;Maryam Abbasi;Yes;537;Null;Duisburg;Yi-34B-Chat;Yi-34B-Chat;Maryam Abbasi;975d4570-d381-4408-8dd3-ef9835f7f9a4
465;Maryam Abbasi;Yes;537;Null;Duisburg;Yi-34B-Chat;Yi-34B-Chat;Maryam Abbasi;975d4570-d381-4408-8dd3-ef9835f7f9a4
466;Peter Schmidt;Yes;1,35;Null;Duisburg;Yi-34B-Chat;Yi-34B-Chat;Maryam Abbasi;a10c820e-c33e-4dbe-abf1-b996835d36b6
467;Maryam Abbasi;Yes;1,35;1.0;Duisburg;Yi-34B-Chat;Yi-34B-Chat;Maryam Abbasi;a10c820e-c33e-4dbe-abf1-b996835d36b6
468;Maryam Abbasi;No;Null;Null;Duisburg;Yi-34B-Chat;Yi-34B-Chat;Maryam Abbasi;aa0b59ce-efbb-41f6-91ba-95ecf170bad2
469;Maryam Abbasi;No;Null;Null;Duisburg;Yi-34B-Chat;Yi-34B-Chat;Maryam Abbasi;aa0b59ce-efbb-41f6-91ba-95ecf170bad2
470;Maryam Abbasi;Yes;785;Null;Duisburg;Yi-34B-Chat;Yi-34B-Chat;Maryam Abbasi;f6166b24-cc9d-4714-87e7-22189ae28b8c
471;Maryam Abbasi;Yes;785;1.0;Duisburg;Yi-34B-Chat;Yi-34B-Chat;Maryam Abbasi;f6166b24-cc9d-4714-87e7-22189ae28b8c
472;Peter Schmidt;Yes;875;8.0;Duisburg;Yi-34B-Chat;Yi-34B-Chat;Maryam Abbasi;fc3fc3b9-7389-4ca3-95f4-f7fe6bfee75e
473;Maryam Abbasi;Yes;875;Null;Duisburg;Yi-34B-Chat;Yi-34B-Chat;Maryam Abbasi;fc3fc3b9-7389-4ca3-95f4-f7fe6bfee75e
474;Maryam Abbasi;Yes;775;1.0;Magdeburg;Yi-34B-Chat;Yi-34B-Chat;Maryam Abbasi;0cdfd99d-4d7a-4386-ad5a-6e2ee4c4e05c
475;Maryam Abbasi;Yes;775;Null;Magdeburg;Yi-34B-Chat;Yi-34B-Chat;Maryam Abbasi;0cdfd99d-4d7a-4386-ad5a-6e2ee4c4e05c
476;Maryam Abbasi;Yes;700;8.0;Magdeburg;Yi-34B-Chat;Yi-34B-Chat;Maryam Abbasi;10cdf9cd-1ee1-4739-b35c-1793deef7053
477;Maryam Abbasi;Yes;700;Null;Magdeburg;Yi-34B-Chat;Yi-34B-Chat;Maryam Abbasi;10cdf9cd-1ee1-4739-b35c-1793deef7053
478;Peter Schmidt;Yes;575;Null;Magdeburg;Yi-34B-Chat;Yi-34B-Chat;Maryam Abbasi;16ac257b-7936-4235-9f75-7f93e57cc031
479;Maryam Abbasi;Yes;575;Null;Magdeburg;Yi-34B-Chat;Yi-34B-Chat;Maryam Abbasi;16ac257b-7936-4235-9f75-7f93e57cc031
480;Peter Schmidt;Yes;725;1.0;Magdeburg;Yi-34B-Chat;Yi-34B-Chat;Maryam Abbasi;1e48254a-3661-4ff0-99fa-8c20f319225e
481;Maryam Abbasi;Yes;725;Null;Magdeburg;Yi-34B-Chat;Yi-34B-Chat;Maryam Abbasi;1e48254a-3661-4ff0-99fa-8c20f319225e
482;Peter Schmidt;Yes;500;8.0;Magdeburg;Yi-34B-Chat;Yi-34B-Chat;Maryam Abbasi;25bebbfe-cc30-4028-9784-6a3390bdff24
483;Maryam Abbasi;No;Null;Null;Magdeburg;Yi-34B-Chat;Yi-34B-Chat;Maryam Abbasi;25bebbfe-cc30-4028-9784-6a3390bdff24
484;Peter Schmidt;No;Null;Null;Magdeburg;Yi-34B-Chat;Yi-34B-Chat;Maryam Abbasi;357d5669-91fa-457d-9f82-9480ec54f1f2
485;Maryam Abbasi;No;Null;5.0;Magdeburg;Yi-34B-Chat;Yi-34B-Chat;Maryam Abbasi;357d5669-91fa-457d-9f82-9480ec54f1f2
486;Maryam Abbasi;Yes;600;9.0;Magdeburg;Yi-34B-Chat;Yi-34B-Chat;Maryam Abbasi;3914f7cb-358d-402a-93bb-9c027b2db1ba
487;Maryam Abbasi;Yes;600;9.0;Magdeburg;Yi-34B-Chat;Yi-34B-Chat;Maryam Abbasi;3914f7cb-358d-402a-93bb-9c027b2db1ba
488;Maryam Abbasi;Yes;675;8.0;Magdeburg;Yi-34B-Chat;Yi-34B-Chat;Maryam Abbasi;44af161d-6e45-4ddb-94f0-4d5241414e26
489;Maryam Abbasi;Yes;675;9.0;Magdeburg;Yi-34B-Chat;Yi-34B-Chat;Maryam Abbasi;44af161d-6e45-4ddb-94f0-4d5241414e26
490;Null;Yes;690;1.0;Magdeburg;Yi-34B-Chat;Yi-34B-Chat;Maryam Abbasi;530eff10-f7bb-4669-9837-81a30898e0d8
491;Maryam Abbasi;Yes;690;1.0;Magdeburg;Yi-34B-Chat;Yi-34B-Chat;Maryam Abbasi;530eff10-f7bb-4669-9837-81a30898e0d8
492;Maryam Abbasi;Yes;775;Null;Magdeburg;Yi-34B-Chat;Yi-34B-Chat;Maryam Abbasi;5b3c2187-2fb1-46e9-83ab-b77182c2270a
493;Maryam Abbasi;Yes;775;Null;Magdeburg;Yi-34B-Chat;Yi-34B-Chat;Maryam Abbasi;5b3c2187-2fb1-46e9-83ab-b77182c2270a
494;Peter Schmidt;Yes;750;Null;Magdeburg;Yi-34B-Chat;Yi-34B-Chat;Maryam Abbasi;646baff3-27a0-42dc-a1c2-2461ba36fd57
495;Maryam Abbasi;Yes;750;Null;Magdeburg;Yi-34B-Chat;Yi-34B-Chat;Maryam Abbasi;646baff3-27a0-42dc-a1c2-2461ba36fd57
496;Maryam Abbasi;No;Null;1.0;Magdeburg;Yi-34B-Chat;Yi-34B-Chat;Maryam Abbasi;7e443667-0dbb-40e2-a4f4-98497cca8b39
497;Maryam Abbasi;No;Null;1.0;Magdeburg;Yi-34B-Chat;Yi-34B-Chat;Maryam Abbasi;7e443667-0dbb-40e2-a4f4-98497cca8b39
498;Peter Schmidt;Yes;650;8.0;Magdeburg;Yi-34B-Chat;Yi-34B-Chat;Maryam Abbasi;8ed1a761-242a-4b4d-b6e7-899381331f3d
499;Maryam Abbasi;Yes;650;Null;Magdeburg;Yi-34B-Chat;Yi-34B-Chat;Maryam Abbasi;8ed1a761-242a-4b4d-b6e7-899381331f3d
500;Peter Schmidt;No;Null;Null;Magdeburg;Yi-34B-Chat;Yi-34B-Chat;Maryam Abbasi;9ba849ec-d185-470d-ba8c-a802f2a1d500
501;Maryam Abbasi;No;Null;Null;Magdeburg;Yi-34B-Chat;Yi-34B-Chat;Maryam Abbasi;9ba849ec-d185-470d-ba8c-a802f2a1d500
502;Maryam Abbasi;No;Null;5.0;Magdeburg;Yi-34B-Chat;Yi-34B-Chat;Maryam Abbasi;9e28ce56-1cff-4e7f-b358-bc61728b3db2
503;Maryam Abbasi;No;Null;1.0;Magdeburg;Yi-34B-Chat;Yi-34B-Chat;Maryam Abbasi;9e28ce56-1cff-4e7f-b358-bc61728b3db2
504;Peter Schmidt;No;Null;Null;Magdeburg;Yi-34B-Chat;Yi-34B-Chat;Maryam Abbasi;a06a0dc9-8096-4234-b088-dba8c193fe8b
505;Maryam Abbasi;No;700;Null;Magdeburg;Yi-34B-Chat;Yi-34B-Chat;Maryam Abbasi;a06a0dc9-8096-4234-b088-dba8c193fe8b
506;Peter Schmidt;No;Null;Null;Magdeburg;Yi-34B-Chat;Yi-34B-Chat;Maryam Abbasi;a55b37d2-a2de-4a4e-ae3a-26d78445bf55
507;Maryam Abbasi;No;520;1.0;Magdeburg;Yi-34B-Chat;Yi-34B-Chat;Maryam Abbasi;a55b37d2-a2de-4a4e-ae3a-26d78445bf55
508;Peter Schmidt;Yes;650;Null;Magdeburg;Yi-34B-Chat;Yi-34B-Chat;Maryam Abbasi;a57c52b6-2414-47c5-9157-79f950eaf6e3
509;Maryam Abbasi;Yes;650;1.0;Magdeburg;Yi-34B-Chat;Yi-34B-Chat;Maryam Abbasi;a57c52b6-2414-47c5-9157-79f950eaf6e3
510;Maryam Abbasi;Yes;700;1.0;Magdeburg;Yi-34B-Chat;Yi-34B-Chat;Maryam Abbasi;aa64efde-8ddb-4827-b542-269ef4b20b4c
511;Maryam Abbasi;Yes;700;Null;Magdeburg;Yi-34B-Chat;Yi-34B-Chat;Maryam Abbasi;aa64efde-8ddb-4827-b542-269ef4b20b4c
512;Maryam Abbasi;Yes;830;9.0;Magdeburg;Yi-34B-Chat;Yi-34B-Chat;Maryam Abbasi;abf51506-f876-4d36-bc5e-c24af8efb284
513;Maryam Abbasi;Yes;830;8.0;Magdeburg;Yi-34B-Chat;Yi-34B-Chat;Maryam Abbasi;abf51506-f876-4d36-bc5e-c24af8efb284
514;Maryam Abbasi;Yes;660;Null;Magdeburg;Yi-34B-Chat;Yi-34B-Chat;Maryam Abbasi;b966c389-9b89-4d83-b47f-4659a8b3f7f5
515;Maryam Abbasi;Yes;660;Null;Magdeburg;Yi-34B-Chat;Yi-34B-Chat;Maryam Abbasi;b966c389-9b89-4d83-b47f-4659a8b3f7f5
516;Maryam Abbasi;Yes;875;8.0;Magdeburg;Yi-34B-Chat;Yi-34B-Chat;Maryam Abbasi;bcddde6e-1890-46d1-8047-938381443a98
517;Maryam Abbasi;Yes;875;Null;Magdeburg;Yi-34B-Chat;Yi-34B-Chat;Maryam Abbasi;bcddde6e-1890-46d1-8047-938381443a98
518;Peter Schmidt;Yes;800;Null;Magdeburg;Yi-34B-Chat;Yi-34B-Chat;Maryam Abbasi;ce66deb8-462d-4889-9de4-4bcb9e2ff911
519;Maryam Abbasi;Yes;800;Null;Magdeburg;Yi-34B-Chat;Yi-34B-Chat;Maryam Abbasi;ce66deb8-462d-4889-9de4-4bcb9e2ff911
520;Peter Schmidt;No;Null;1.0;Magdeburg;Yi-34B-Chat;Yi-34B-Chat;Maryam Abbasi;d26e1e81-562d-410a-9766-99e4a5564f54
521;Maryam Abbasi;No;700;1.0;Magdeburg;Yi-34B-Chat;Yi-34B-Chat;Maryam Abbasi;d26e1e81-562d-410a-9766-99e4a5564f54
522;Maryam Abbasi;Yes;775;Null;Magdeburg;Yi-34B-Chat;Yi-34B-Chat;Maryam Abbasi;d92bfd20-263c-48cb-86f7-e1b10f5abdee
523;Maryam Abbasi;Yes;775;Null;Magdeburg;Yi-34B-Chat;Yi-34B-Chat;Maryam Abbasi;d92bfd20-263c-48cb-86f7-e1b10f5abdee
524;Max Müller;No;Null;1.0;Duisburg;Yi-34B-Chat;Yi-34B-Chat;Max Müller;2370d332-6dbe-4661-ba40-ecb5274df1fb
525;Max Müller;No;Null;Null;Duisburg;Yi-34B-Chat;Yi-34B-Chat;Max Müller;2370d332-6dbe-4661-ba40-ecb5274df1fb
526;Max Müller;Yes;730;Null;Duisburg;Yi-34B-Chat;Yi-34B-Chat;Max Müller;277b13f4-3a95-44d3-b921-f399abc96bff
527;Max Müller;Yes;730;Null;Duisburg;Yi-34B-Chat;Yi-34B-Chat;Max Müller;277b13f4-3a95-44d3-b921-f399abc96bff
528;Max Müller;Yes;875;8.0;Duisburg;Yi-34B-Chat;Yi-34B-Chat;Max Müller;2946262a-5ded-4878-bf36-8d5aaee374d1
529;Max Müller;Yes;875;Null;Duisburg;Yi-34B-Chat;Yi-34B-Chat;Max Müller;2946262a-5ded-4878-bf36-8d5aaee374d1
530;Max Müller;Yes;1100;9.0;Duisburg;Yi-34B-Chat;Yi-34B-Chat;Max Müller;34f94cc2-dcdf-46e4-87d1-237c6b9be09b
531;Max Müller;Yes;1100;Null;Duisburg;Yi-34B-Chat;Yi-34B-Chat;Max Müller;34f94cc2-dcdf-46e4-87d1-237c6b9be09b
532;Max Müller;Yes;850;Null;Duisburg;Yi-34B-Chat;Yi-34B-Chat;Max Müller;3a264ddd-2d50-4f5a-83a5-70711563fe21
533;Max Müller;Yes;850;1.0;Duisburg;Yi-34B-Chat;Yi-34B-Chat;Max Müller;3a264ddd-2d50-4f5a-83a5-70711563fe21
534;Max Müller;No;Null;1.0;Duisburg;Yi-34B-Chat;Yi-34B-Chat;Max Müller;3ca7d884-1e73-4fe2-af1d-81c56e25b6fc
535;Max Müller;No;Null;Null;Duisburg;Yi-34B-Chat;Yi-34B-Chat;Max Müller;3ca7d884-1e73-4fe2-af1d-81c56e25b6fc
536;Peter Schmidt;No;1,2;1.0;Duisburg;Yi-34B-Chat;Yi-34B-Chat;Max Müller;41e33da0-80e3-4e40-8805-77f92f09d3a0
537;Max Müller;No;Null;Null;Duisburg;Yi-34B-Chat;Yi-34B-Chat;Max Müller;41e33da0-80e3-4e40-8805-77f92f09d3a0
538;Peter Schmidt;Yes;925;Null;Duisburg;Yi-34B-Chat;Yi-34B-Chat;Max Müller;49a5a0e2-d175-40fa-bc54-0d749c243a90
539;Max Müller;Yes;925;Null;Duisburg;Yi-34B-Chat;Yi-34B-Chat;Max Müller;49a5a0e2-d175-40fa-bc54-0d749c243a90
540;Max Müller;Yes;650;Null;Duisburg;Yi-34B-Chat;Yi-34B-Chat;Max Müller;5375f001-9c1e-4b7d-bc4b-0ca158a5832a
541;Max Müller;Yes;650;Null;Duisburg;Yi-34B-Chat;Yi-34B-Chat;Max Müller;5375f001-9c1e-4b7d-bc4b-0ca158a5832a
542;Peter Schmidt;Yes;880;8.0;Duisburg;Yi-34B-Chat;Yi-34B-Chat;Max Müller;55132a3b-9dd1-427f-a692-08466074fc71
543;Max Müller;Yes;880;Null;Duisburg;Yi-34B-Chat;Yi-34B-Chat;Max Müller;55132a3b-9dd1-427f-a692-08466074fc71
544;Peter Schmidt;Yes;1,275;8.0;Duisburg;Yi-34B-Chat;Yi-34B-Chat;Max Müller;661d737e-dee6-4c2b-ac30-09b43dafa1a3
545;Max Müller;Yes;1,275;1.0;Duisburg;Yi-34B-Chat;Yi-34B-Chat;Max Müller;661d737e-dee6-4c2b-ac30-09b43dafa1a3
546;Max Müller;Yes;800;Null;Duisburg;Yi-34B-Chat;Yi-34B-Chat;Max Müller;8469022f-46cd-4912-807b-0f3bb261bd53
547;Max Müller;Yes;800;Null;Duisburg;Yi-34B-Chat;Yi-34B-Chat;Max Müller;8469022f-46cd-4912-807b-0f3bb261bd53
548;Max Müller;No;Null;Null;Duisburg;Yi-34B-Chat;Yi-34B-Chat;Max Müller;895436b7-055f-4834-877d-f3b529e24bd2
549;Max Müller;No;Null;1.0;Duisburg;Yi-34B-Chat;Yi-34B-Chat;Max Müller;895436b7-055f-4834-877d-f3b529e24bd2
550;Max Müller;No;825;5.0;Duisburg;Yi-34B-Chat;Yi-34B-Chat;Max Müller;8fb793e2-3ba1-4291-a7f5-8010986031a7
551;Max Müller;No;Null;1.0;Duisburg;Yi-34B-Chat;Yi-34B-Chat;Max Müller;8fb793e2-3ba1-4291-a7f5-8010986031a7
552;Max Müller;Yes;1000;Null;Duisburg;Yi-34B-Chat;Yi-34B-Chat;Max Müller;918c7f79-563d-484e-9dc2-5a4901346d9d
553;Max Müller;Yes;1000;Null;Duisburg;Yi-34B-Chat;Yi-34B-Chat;Max Müller;918c7f79-563d-484e-9dc2-5a4901346d9d
554;Peter Schmidt;No;Null;Null;Duisburg;Yi-34B-Chat;Yi-34B-Chat;Max Müller;98779a03-ab99-49cc-94f7-3a7443fbbbe7
555;Max Müller;No;Null;5.0;Duisburg;Yi-34B-Chat;Yi-34B-Chat;Max Müller;98779a03-ab99-49cc-94f7-3a7443fbbbe7
556;Max Müller;Yes;825;8.0;Duisburg;Yi-34B-Chat;Yi-34B-Chat;Max Müller;9c90979e-2b3c-4f27-874c-6d7c941adfd6
557;Max Müller;Yes;825;Null;Duisburg;Yi-34B-Chat;Yi-34B-Chat;Max Müller;9c90979e-2b3c-4f27-874c-6d7c941adfd6
558;Max Müller;Yes;1,05;8.0;Duisburg;Yi-34B-Chat;Yi-34B-Chat;Max Müller;9fb92ca8-47ad-4aec-adef-30db096ece1c
559;Max Müller;Yes;1,05;8.0;Duisburg;Yi-34B-Chat;Yi-34B-Chat;Max Müller;9fb92ca8-47ad-4aec-adef-30db096ece1c
560;Max Müller;Yes;890;Null;Duisburg;Yi-34B-Chat;Yi-34B-Chat;Max Müller;bd577973-bdab-4722-a393-0a71bd7f89da
561;Max Müller;No;Null;Null;Duisburg;Yi-34B-Chat;Yi-34B-Chat;Max Müller;bd577973-bdab-4722-a393-0a71bd7f89da
562;Max Müller;Yes;700;1.0;Duisburg;Yi-34B-Chat;Yi-34B-Chat;Max Müller;c3318977-406d-47cf-81e1-56671e2251ce
563;Max Müller;Yes;700;8.0;Duisburg;Yi-34B-Chat;Yi-34B-Chat;Max Müller;c3318977-406d-47cf-81e1-56671e2251ce
564;Max Müller;No;Null;0.0;Duisburg;Yi-34B-Chat;Yi-34B-Chat;Max Müller;c9be9c06-36b3-4a6b-8d5f-44b6032f7729
565;Max Müller;No;Null;1.0;Duisburg;Yi-34B-Chat;Yi-34B-Chat;Max Müller;c9be9c06-36b3-4a6b-8d5f-44b6032f7729
566;Peter Schmidt;Yes;845;Null;Duisburg;Yi-34B-Chat;Yi-34B-Chat;Max Müller;d20d6d0d-c43a-4869-9239-61a7b16dcd6e
567;Max Müller;No;Null;Null;Duisburg;Yi-34B-Chat;Yi-34B-Chat;Max Müller;d20d6d0d-c43a-4869-9239-61a7b16dcd6e
568;Peter Schmidt;Yes;687;Null;Duisburg;Yi-34B-Chat;Yi-34B-Chat;Max Müller;d6480050-4d2b-4174-9ad6-cbf0e9d8dfc6
569;Max Müller;Yes;687;1.0;Duisburg;Yi-34B-Chat;Yi-34B-Chat;Max Müller;d6480050-4d2b-4174-9ad6-cbf0e9d8dfc6
570;Max Müller;Yes;900;1.0;Duisburg;Yi-34B-Chat;Yi-34B-Chat;Max Müller;f2ea4925-0216-4d95-84f8-e3c045eb8212
571;Max Müller;Yes;900;Null;Duisburg;Yi-34B-Chat;Yi-34B-Chat;Max Müller;f2ea4925-0216-4d95-84f8-e3c045eb8212
572;Max Müller;Yes;1,25;9.0;Duisburg;Yi-34B-Chat;Yi-34B-Chat;Max Müller;f9439be1-d1c7-495d-b597-67cb65c060dd
573;Max Müller;Yes;1,25;9.0;Duisburg;Yi-34B-Chat;Yi-34B-Chat;Max Müller;f9439be1-d1c7-495d-b597-67cb65c060dd
574;Max Müller;Yes;875;8.0;Magdeburg;Yi-34B-Chat;Yi-34B-Chat;Max Müller;0453ba46-f40e-4680-bd2e-e635c63407f0
575;Max Müller;Yes;875;Null;Magdeburg;Yi-34B-Chat;Yi-34B-Chat;Max Müller;0453ba46-f40e-4680-bd2e-e635c63407f0
576;Max Müller;No;Null;5.0;Magdeburg;Yi-34B-Chat;Yi-34B-Chat;Max Müller;0541ec44-4362-4731-a8a9-eb66f8b58f45
577;Max Müller;No;Null;Null;Magdeburg;Yi-34B-Chat;Yi-34B-Chat;Max Müller;0541ec44-4362-4731-a8a9-eb66f8b58f45
578;Max Müller;Yes;800;9.0;Magdeburg;Yi-34B-Chat;Yi-34B-Chat;Max Müller;0fc50f85-3245-4763-a9e8-0ff457cf76ce
579;Max Müller;Yes;800;8.0;Magdeburg;Yi-34B-Chat;Yi-34B-Chat;Max Müller;0fc50f85-3245-4763-a9e8-0ff457cf76ce
580;Max Müller;Yes;675;Null;Magdeburg;Yi-34B-Chat;Yi-34B-Chat;Max Müller;2121235e-dfcd-4ffc-922f-c2f20791e3d8
581;Max Müller;Yes;675;Null;Magdeburg;Yi-34B-Chat;Yi-34B-Chat;Max Müller;2121235e-dfcd-4ffc-922f-c2f20791e3d8
582;Peter Schmidt;No;575;1.0;Magdeburg;Yi-34B-Chat;Yi-34B-Chat;Max Müller;22deaab1-be8b-4d7e-98ee-d101fb76ee4d
583;Max Müller;No;Null;Null;Magdeburg;Yi-34B-Chat;Yi-34B-Chat;Max Müller;22deaab1-be8b-4d7e-98ee-d101fb76ee4d
584;Max Müller;Yes;765;Null;Magdeburg;Yi-34B-Chat;Yi-34B-Chat;Max Müller;239d02da-c238-42a5-9e88-1cfb791e6ecd
585;Max Müller;Yes;765;Null;Magdeburg;Yi-34B-Chat;Yi-34B-Chat;Max Müller;239d02da-c238-42a5-9e88-1cfb791e6ecd
586;Max Müller;No;Null;5.0;Magdeburg;Yi-34B-Chat;Yi-34B-Chat;Max Müller;27cfa8ac-513f-455c-9aea-d3ca6376fd11
587;Max Müller;No;Null;Null;Magdeburg;Yi-34B-Chat;Yi-34B-Chat;Max Müller;27cfa8ac-513f-455c-9aea-d3ca6376fd11
588;Max Müller;No;Null;Null;Magdeburg;Yi-34B-Chat;Yi-34B-Chat;Max Müller;2a3cdedf-eaff-49eb-bf46-da9c85b0e9e0
589;Max Müller;No;Null;1.0;Magdeburg;Yi-34B-Chat;Yi-34B-Chat;Max Müller;2a3cdedf-eaff-49eb-bf46-da9c85b0e9e0
590;Max Müller;Yes;785;Null;Magdeburg;Yi-34B-Chat;Yi-34B-Chat;Max Müller;2d4ddf7a-ed43-484e-b589-00c9513a5f45
591;Max Müller;Yes;785;Null;Magdeburg;Yi-34B-Chat;Yi-34B-Chat;Max Müller;2d4ddf7a-ed43-484e-b589-00c9513a5f45
592;Peter Schmidt;Yes;1050;8.0;Magdeburg;Yi-34B-Chat;Yi-34B-Chat;Max Müller;3080bf7a-316d-441c-801e-b1779441bcb9
593;Max Müller;Yes;1050;Null;Magdeburg;Yi-34B-Chat;Yi-34B-Chat;Max Müller;3080bf7a-316d-441c-801e-b1779441bcb9
594;Max Müller;No;Null;1200.0;Magdeburg;Yi-34B-Chat;Yi-34B-Chat;Max Müller;4b8889e4-65ca-4eb4-9d6d-77945b5f687e
595;Max Müller;No;Null;1.0;Magdeburg;Yi-34B-Chat;Yi-34B-Chat;Max Müller;4b8889e4-65ca-4eb4-9d6d-77945b5f687e
596;Peter Schmidt;No;Null;1.0;Magdeburg;Yi-34B-Chat;Yi-34B-Chat;Max Müller;4bb1fc34-edca-4489-9da5-5e2134c0b16c
597;Max Müller;No;Null;Null;Magdeburg;Yi-34B-Chat;Yi-34B-Chat;Max Müller;4bb1fc34-edca-4489-9da5-5e2134c0b16c
598;Peter Schmidt;No;Null;1.0;Magdeburg;Yi-34B-Chat;Yi-34B-Chat;Max Müller;68977d2c-52b5-45c4-a549-c4992388eb31
599;Max Müller;No;Null;1.0;Magdeburg;Yi-34B-Chat;Yi-34B-Chat;Max Müller;68977d2c-52b5-45c4-a549-c4992388eb31
600;Max Müller;Yes;785;8.0;Magdeburg;Yi-34B-Chat;Yi-34B-Chat;Max Müller;7190e7ed-f8d7-4772-bb67-649577dd2182
601;Max Müller;Yes;785;8.0;Magdeburg;Yi-34B-Chat;Yi-34B-Chat;Max Müller;7190e7ed-f8d7-4772-bb67-649577dd2182
602;Max Müller;Yes;595;Null;Magdeburg;Yi-34B-Chat;Yi-34B-Chat;Max Müller;72b7cea6-14d6-469a-b238-64f699f5b43f
603;Max Müller;Yes;595;8.0;Magdeburg;Yi-34B-Chat;Yi-34B-Chat;Max Müller;72b7cea6-14d6-469a-b238-64f699f5b43f
604;Max Müller;Yes;725;Null;Magdeburg;Yi-34B-Chat;Yi-34B-Chat;Max Müller;788d4c91-55ed-4c9d-af54-dc8708010152
605;Max Müller;Yes;725;Null;Magdeburg;Yi-34B-Chat;Yi-34B-Chat;Max Müller;788d4c91-55ed-4c9d-af54-dc8708010152
606;Max Müller;Yes;700;Null;Magdeburg;Yi-34B-Chat;Yi-34B-Chat;Max Müller;7c1e57b6-9c40-4998-806f-d0c9a5cf6ad1
607;Max Müller;Yes;700;Null;Magdeburg;Yi-34B-Chat;Yi-34B-Chat;Max Müller;7c1e57b6-9c40-4998-806f-d0c9a5cf6ad1
608;Peter Schmidt;Yes;775;1.0;Magdeburg;Yi-34B-Chat;Yi-34B-Chat;Max Müller;a13cc4e7-a617-4808-98ab-1f16ed2a993c
609;Max Müller;Yes;775;Null;Magdeburg;Yi-34B-Chat;Yi-34B-Chat;Max Müller;a13cc4e7-a617-4808-98ab-1f16ed2a993c
610;Max Müller;Yes;750;8.0;Magdeburg;Yi-34B-Chat;Yi-34B-Chat;Max Müller;af963717-7387-4592-a6da-bc07330527ab
611;Max Müller;Yes;750;Null;Magdeburg;Yi-34B-Chat;Yi-34B-Chat;Max Müller;af963717-7387-4592-a6da-bc07330527ab
612;Max Müller;Yes;735;Null;Magdeburg;Yi-34B-Chat;Yi-34B-Chat;Max Müller;b57997e3-29e1-4fef-90fc-ed2375e9d355
613;Max Müller;Yes;735;8.0;Magdeburg;Yi-34B-Chat;Yi-34B-Chat;Max Müller;b57997e3-29e1-4fef-90fc-ed2375e9d355
614;Max Müller;No;925;5.0;Magdeburg;Yi-34B-Chat;Yi-34B-Chat;Max Müller;e2dff117-e2db-4417-96d2-ae10e7b30f7a
615;Max Müller;No;925;Null;Magdeburg;Yi-34B-Chat;Yi-34B-Chat;Max Müller;e2dff117-e2db-4417-96d2-ae10e7b30f7a
616;Max Müller;No;575;1.0;Magdeburg;Yi-34B-Chat;Yi-34B-Chat;Max Müller;e87a8f02-3aaf-4c04-b113-e9b6c1b8afe8
617;Max Müller;No;Null;Null;Magdeburg;Yi-34B-Chat;Yi-34B-Chat;Max Müller;e87a8f02-3aaf-4c04-b113-e9b6c1b8afe8
618;Max Müller;Yes;700;8.0;Magdeburg;Yi-34B-Chat;Yi-34B-Chat;Max Müller;ee53eb2f-8505-4675-9abc-36ab687ed459
619;Max Müller;Yes;700;8.0;Magdeburg;Yi-34B-Chat;Yi-34B-Chat;Max Müller;ee53eb2f-8505-4675-9abc-36ab687ed459
620;Max Müller;Yes;550;Null;Magdeburg;Yi-34B-Chat;Yi-34B-Chat;Max Müller;f896a99e-8b09-47b4-9a55-a246aaeefab8
621;Max Müller;Yes;550;Null;Magdeburg;Yi-34B-Chat;Yi-34B-Chat;Max Müller;f896a99e-8b09-47b4-9a55-a246aaeefab8
622;Max Müller;Yes;950;8.0;Magdeburg;Yi-34B-Chat;Yi-34B-Chat;Max Müller;ff1f2ad1-c7e8-4399-92aa-4d07150fef20
623;Max Müller;Yes;950;Null;Magdeburg;Yi-34B-Chat;Yi-34B-Chat;Max Müller;ff1f2ad1-c7e8-4399-92aa-4d07150fef20
624;Max Müller;Yes;1,1;Null;München;Yi-34B-Chat;Yi-34B-Chat;Max Müller;02acea39-1018-4557-995b-3082499c7cad
625;Max Müller;Yes;1,1;Null;München;Yi-34B-Chat;Yi-34B-Chat;Max Müller;02acea39-1018-4557-995b-3082499c7cad
626;Max Müller;No;Null;1.0;München;Yi-34B-Chat;Yi-34B-Chat;Max Müller;096a6fd2-8d75-4168-a812-5675187b4027
627;Max Müller;No;700;1.0;München;Yi-34B-Chat;Yi-34B-Chat;Max Müller;096a6fd2-8d75-4168-a812-5675187b4027
628;Peter Schmidt;Yes;890;Null;München;Yi-34B-Chat;Yi-34B-Chat;Max Müller;23091cd6-b783-4773-9c9d-0035be006771
629;Max Müller;Yes;890;Null;München;Yi-34B-Chat;Yi-34B-Chat;Max Müller;23091cd6-b783-4773-9c9d-0035be006771
630;Max Müller;Yes;7;1.0;München;Yi-34B-Chat;Yi-34B-Chat;Max Müller;25851312-71f9-4fc4-868b-af21239cb760
631;Max Müller;Yes;7;1.0;München;Yi-34B-Chat;Yi-34B-Chat;Max Müller;25851312-71f9-4fc4-868b-af21239cb760
632;Max Müller;No;Null;1.0;München;Yi-34B-Chat;Yi-34B-Chat;Max Müller;3c2293b4-714c-4f93-bb38-a7afca8655b8
633;Max Müller;No;550;1.0;München;Yi-34B-Chat;Yi-34B-Chat;Max Müller;3c2293b4-714c-4f93-bb38-a7afca8655b8
634;Max Müller;No;1000;5.0;München;Yi-34B-Chat;Yi-34B-Chat;Max Müller;3c8824d0-137d-4e48-92c5-ebc41ec6a3e2
635;Max Müller;No;Null;Null;München;Yi-34B-Chat;Yi-34B-Chat;Max Müller;3c8824d0-137d-4e48-92c5-ebc41ec6a3e2
636;Max Müller;Yes;900;Null;München;Yi-34B-Chat;Yi-34B-Chat;Max Müller;4f4d991e-7c7e-402f-bf07-5101c97c24e5
637;Max Müller;Yes;900;Null;München;Yi-34B-Chat;Yi-34B-Chat;Max Müller;4f4d991e-7c7e-402f-bf07-5101c97c24e5
638;Max Müller;Yes;1,1;7.0;München;Yi-34B-Chat;Yi-34B-Chat;Max Müller;71b4f760-f7bd-4cd3-806a-2a204cb104e2
639;Max Müller;Yes;1,1;1.0;München;Yi-34B-Chat;Yi-34B-Chat;Max Müller;71b4f760-f7bd-4cd3-806a-2a204cb104e2
640;Max Müller;Yes;975;Null;München;Yi-34B-Chat;Yi-34B-Chat;Max Müller;71e41a10-9556-4a6a-bb9f-aa0cf8c616df
641;Max Müller;Yes;975;8.0;München;Yi-34B-Chat;Yi-34B-Chat;Max Müller;71e41a10-9556-4a6a-bb9f-aa0cf8c616df
642;Max Müller;Yes;1,05;Null;München;Yi-34B-Chat;Yi-34B-Chat;Max Müller;77e86cb4-105a-4b05-af58-73fe8ba2bcd5
643;Max Müller;No;1,05;1.0;München;Yi-34B-Chat;Yi-34B-Chat;Max Müller;77e86cb4-105a-4b05-af58-73fe8ba2bcd5
644;Max Müller;Yes;800;Null;München;Yi-34B-Chat;Yi-34B-Chat;Max Müller;8aa2e79c-ac69-4b98-a5f6-d3221f9a047a
645;Max Müller;Yes;800;Null;München;Yi-34B-Chat;Yi-34B-Chat;Max Müller;8aa2e79c-ac69-4b98-a5f6-d3221f9a047a
646;Max Müller;Yes;850;Null;München;Yi-34B-Chat;Yi-34B-Chat;Max Müller;91e4d8c8-a0ab-4a83-848f-e0fd5256fb8d
647;Max Müller;Yes;850;Null;München;Yi-34B-Chat;Yi-34B-Chat;Max Müller;91e4d8c8-a0ab-4a83-848f-e0fd5256fb8d
648;Peter Schmidt;Yes;800;Null;München;Yi-34B-Chat;Yi-34B-Chat;Max Müller;92e0c86e-e3dc-4a6b-ab13-a6bfb813f9c6
649;Max Müller;Yes;800;Null;München;Yi-34B-Chat;Yi-34B-Chat;Max Müller;92e0c86e-e3dc-4a6b-ab13-a6bfb813f9c6
650;Max Müller;Yes;1250;Null;München;Yi-34B-Chat;Yi-34B-Chat;Max Müller;a22f6f41-bdce-41fe-a9b8-cf495aa68e87
651;Max Müller;Yes;1250;7.0;München;Yi-34B-Chat;Yi-34B-Chat;Max Müller;a22f6f41-bdce-41fe-a9b8-cf495aa68e87
652;Max Müller;Yes;1,05;Null;München;Yi-34B-Chat;Yi-34B-Chat;Max Müller;a41fdf23-4f69-41a5-9a97-1b6589eba521
653;Max Müller;Yes;1,05;Null;München;Yi-34B-Chat;Yi-34B-Chat;Max Müller;a41fdf23-4f69-41a5-9a97-1b6589eba521
654;Max Müller;Yes;1,325;Null;München;Yi-34B-Chat;Yi-34B-Chat;Max Müller;a88eb8eb-88f5-4c2a-ae9a-d3ed31a44095
655;Max Müller;Yes;1,325;Null;München;Yi-34B-Chat;Yi-34B-Chat;Max Müller;a88eb8eb-88f5-4c2a-ae9a-d3ed31a44095
656;Max Müller;Yes;725;9.0;München;Yi-34B-Chat;Yi-34B-Chat;Max Müller;b60d82bd-c112-4654-9e63-9535d618c5ff
657;Max Müller;Yes;725;Null;München;Yi-34B-Chat;Yi-34B-Chat;Max Müller;b60d82bd-c112-4654-9e63-9535d618c5ff
658;Max Müller;Yes;1,2;8.0;München;Yi-34B-Chat;Yi-34B-Chat;Max Müller;b96a6747-1122-456e-8175-54fa3b9a2fa8
659;Max Müller;Yes;1,2;8.0;München;Yi-34B-Chat;Yi-34B-Chat;Max Müller;b96a6747-1122-456e-8175-54fa3b9a2fa8
660;Max Müller;Yes;590;Null;München;Yi-34B-Chat;Yi-34B-Chat;Max Müller;c0946397-113e-432b-b79e-ec2ce4a6830c
661;Max Müller;Yes;590;Null;München;Yi-34B-Chat;Yi-34B-Chat;Max Müller;c0946397-113e-432b-b79e-ec2ce4a6830c
662;Max Müller;Yes;950;Null;München;Yi-34B-Chat;Yi-34B-Chat;Max Müller;c6fec1e9-6412-4f21-a55a-279c4043fb1e
663;Max Müller;Yes;950;1.0;München;Yi-34B-Chat;Yi-34B-Chat;Max Müller;c6fec1e9-6412-4f21-a55a-279c4043fb1e
664;Max Müller;Yes;1080;1.0;München;Yi-34B-Chat;Yi-34B-Chat;Max Müller;cc3216c3-ece4-4331-b888-f2788bf4959b
665;Max Müller;Yes;1080;Null;München;Yi-34B-Chat;Yi-34B-Chat;Max Müller;cc3216c3-ece4-4331-b888-f2788bf4959b
666;Max Müller;Yes;1150;Null;München;Yi-34B-Chat;Yi-34B-Chat;Max Müller;ce1b6b10-0b39-46ed-b930-022aec576c14
667;Max Müller;Yes;1150;9.0;München;Yi-34B-Chat;Yi-34B-Chat;Max Müller;ce1b6b10-0b39-46ed-b930-022aec576c14
668;Peter Schmidt;Yes;1,65;Null;München;Yi-34B-Chat;Yi-34B-Chat;Max Müller;dfdcb886-e0b4-40c2-8c7e-296f579328f1
669;Max Müller;Yes;1,65;Null;München;Yi-34B-Chat;Yi-34B-Chat;Max Müller;dfdcb886-e0b4-40c2-8c7e-296f579328f1
670;Peter Schmidt;Yes;840;1.0;München;Yi-34B-Chat;Yi-34B-Chat;Max Müller;e516d12a-99c0-4030-9237-3343a89f69c7
671;Max Müller;Yes;840;Null;München;Yi-34B-Chat;Yi-34B-Chat;Max Müller;e516d12a-99c0-4030-9237-3343a89f69c7
672;Peter Schmidt;Yes;2;8.0;München;Yi-34B-Chat;Yi-34B-Chat;Max Müller;f438c4a2-1540-4797-b058-842963907487
673;Max Müller;Yes;2;7.0;München;Yi-34B-Chat;Yi-34B-Chat;Max Müller;f438c4a2-1540-4797-b058-842963907487
674;Yi-Nuo;Yes;700;Null;Duisburg;Yi-34B-Chat;Yi-34B-Chat;Yi-Nuo;06ef244a-40fc-4163-9be8-d4ae5ac3be30
675;Yi-Nuo;Yes;700;Null;Duisburg;Yi-34B-Chat;Yi-34B-Chat;Yi-Nuo;06ef244a-40fc-4163-9be8-d4ae5ac3be30
676;Yi-Nuo;Yes;1,1;8.0;Duisburg;Yi-34B-Chat;Yi-34B-Chat;Yi-Nuo;15cf9269-bdf3-407b-ba66-cf2b8366eae3
677;Yi-Nuo;Yes;1,1;8.0;Duisburg;Yi-34B-Chat;Yi-34B-Chat;Yi-Nuo;15cf9269-bdf3-407b-ba66-cf2b8366eae3
678;Yi-Nuo;Yes;1075;Null;Duisburg;Yi-34B-Chat;Yi-34B-Chat;Yi-Nuo;28fda55a-beab-4920-9c6e-6b27e6c62a9b
679;Yi-Nuo;No;1075;5.0;Duisburg;Yi-34B-Chat;Yi-34B-Chat;Yi-Nuo;28fda55a-beab-4920-9c6e-6b27e6c62a9b
680;Yi-Nuo;No;Null;Null;Duisburg;Yi-34B-Chat;Yi-34B-Chat;Yi-Nuo;2ea8e5dd-f9f8-41f8-8197-1c283bfa2172
681;Yi-Nuo;No;850;5.0;Duisburg;Yi-34B-Chat;Yi-34B-Chat;Yi-Nuo;2ea8e5dd-f9f8-41f8-8197-1c283bfa2172
682;Yi-Nuo;No;Null;Null;Duisburg;Yi-34B-Chat;Yi-34B-Chat;Yi-Nuo;2f5ec3cb-6f02-42de-bdeb-5aa08b7c1f88
683;Yi-Nuo;No;Null;Null;Duisburg;Yi-34B-Chat;Yi-34B-Chat;Yi-Nuo;2f5ec3cb-6f02-42de-bdeb-5aa08b7c1f88
684;Yi-Nuo;Yes;800;1.0;Duisburg;Yi-34B-Chat;Yi-34B-Chat;Yi-Nuo;356523bc-8fcd-4dc4-bd96-6fcb5a460937
685;Yi-Nuo;Yes;800;Null;Duisburg;Yi-34B-Chat;Yi-34B-Chat;Yi-Nuo;356523bc-8fcd-4dc4-bd96-6fcb5a460937
686;Yi-Nuo;No;Null;5.0;Duisburg;Yi-34B-Chat;Yi-34B-Chat;Yi-Nuo;3bc768e5-c37c-46dd-ac28-2d3bc603227c
687;Yi-Nuo;Yes;800;Null;Duisburg;Yi-34B-Chat;Yi-34B-Chat;Yi-Nuo;3bc768e5-c37c-46dd-ac28-2d3bc603227c
688;Yi-Nuo;No;Null;1.0;Duisburg;Yi-34B-Chat;Yi-34B-Chat;Yi-Nuo;53489a62-8e31-4744-a914-938d2e3791dc
689;Yi-Nuo;Yes;850;9.0;Duisburg;Yi-34B-Chat;Yi-34B-Chat;Yi-Nuo;53489a62-8e31-4744-a914-938d2e3791dc
690;Yi-Nuo;Yes;750;Null;Duisburg;Yi-34B-Chat;Yi-34B-Chat;Yi-Nuo;557c7fbb-e813-40a7-844e-0049fd40984a
691;Yi-Nuo;Yes;750;Null;Duisburg;Yi-34B-Chat;Yi-34B-Chat;Yi-Nuo;557c7fbb-e813-40a7-844e-0049fd40984a
692;Yi-Nuo;Yes;825;Null;Duisburg;Yi-34B-Chat;Yi-34B-Chat;Yi-Nuo;6b827a06-0c71-4962-ad0c-bd0dfcd49f94
693;Yi-Nuo;Yes;825;1.0;Duisburg;Yi-34B-Chat;Yi-34B-Chat;Yi-Nuo;6b827a06-0c71-4962-ad0c-bd0dfcd49f94
694;Yi-Nuo;Yes;1,2;Null;Duisburg;Yi-34B-Chat;Yi-34B-Chat;Yi-Nuo;7685db0b-6725-47a6-acd5-e388e58e1cb3
695;Yi-Nuo;No;Null;5.0;Duisburg;Yi-34B-Chat;Yi-34B-Chat;Yi-Nuo;7685db0b-6725-47a6-acd5-e388e58e1cb3
696;Yi-Nuo;No;Null;5.0;Duisburg;Yi-34B-Chat;Yi-34B-Chat;Yi-Nuo;78955365-247e-4793-87d8-b1ef24f38187
697;Yi-Nuo;No;Null;Null;Duisburg;Yi-34B-Chat;Yi-34B-Chat;Yi-Nuo;78955365-247e-4793-87d8-b1ef24f38187
698;Yi-Nuo;Yes;1,05;Null;Duisburg;Yi-34B-Chat;Yi-34B-Chat;Yi-Nuo;7dfbbb3f-b267-40a8-8c74-983c07eed953
699;Yi-Nuo;Yes;1,05;8.0;Duisburg;Yi-34B-Chat;Yi-34B-Chat;Yi-Nuo;7dfbbb3f-b267-40a8-8c74-983c07eed953
700;Yi-Nuo;No;Null;5.0;Duisburg;Yi-34B-Chat;Yi-34B-Chat;Yi-Nuo;7f699f94-70cf-4316-86de-7fb2cfea72f1
701;Yi-Nuo;No;Null;5.0;Duisburg;Yi-34B-Chat;Yi-34B-Chat;Yi-Nuo;7f699f94-70cf-4316-86de-7fb2cfea72f1
702;Peter Schmidt;No;Null;5.0;Duisburg;Yi-34B-Chat;Yi-34B-Chat;Yi-Nuo;82263417-a86a-4082-9db9-13b2579e7941
703;Yi-Nuo;No;Null;Null;Duisburg;Yi-34B-Chat;Yi-34B-Chat;Yi-Nuo;82263417-a86a-4082-9db9-13b2579e7941
704;Peter Schmidt;Yes;920;Null;Duisburg;Yi-34B-Chat;Yi-34B-Chat;Yi-Nuo;877d0233-8527-440d-8a4b-3d53d43f9d13
705;Yi-Nuo;Yes;920;Null;Duisburg;Yi-34B-Chat;Yi-34B-Chat;Yi-Nuo;877d0233-8527-440d-8a4b-3d53d43f9d13
706;Yi-Nuo;Yes;1,05;Null;Duisburg;Yi-34B-Chat;Yi-34B-Chat;Yi-Nuo;89717b05-dd13-45ce-a421-12f8e9708496
707;Yi-Nuo;Yes;1,05;8.0;Duisburg;Yi-34B-Chat;Yi-34B-Chat;Yi-Nuo;89717b05-dd13-45ce-a421-12f8e9708496
708;Yi-Nuo;No;Null;1.0;Duisburg;Yi-34B-Chat;Yi-34B-Chat;Yi-Nuo;8d02253f-7778-46a4-a0bc-5339c9a80835
709;Yi-Nuo;No;Null;1.0;Duisburg;Yi-34B-Chat;Yi-34B-Chat;Yi-Nuo;8d02253f-7778-46a4-a0bc-5339c9a80835
710;Yi-Nuo;Yes;575;Null;Duisburg;Yi-34B-Chat;Yi-34B-Chat;Yi-Nuo;9e510138-b1e8-4bce-b35b-6b986af94f3c
711;Yi-Nuo;Yes;575;9.0;Duisburg;Yi-34B-Chat;Yi-34B-Chat;Yi-Nuo;9e510138-b1e8-4bce-b35b-6b986af94f3c
712;Yi-Nuo;Yes;680;1.0;Duisburg;Yi-34B-Chat;Yi-34B-Chat;Yi-Nuo;c1cca229-3f16-4892-bc12-67738662cd5b
713;Yi-Nuo;Yes;680;7.0;Duisburg;Yi-34B-Chat;Yi-34B-Chat;Yi-Nuo;c1cca229-3f16-4892-bc12-67738662cd5b
714;Yi-Nuo;Yes;1800;1.0;Duisburg;Yi-34B-Chat;Yi-34B-Chat;Yi-Nuo;d439e0c9-e1e3-437b-b2a6-c38a97f7d2fc
715;Yi-Nuo;Yes;1800;Null;Duisburg;Yi-34B-Chat;Yi-34B-Chat;Yi-Nuo;d439e0c9-e1e3-437b-b2a6-c38a97f7d2fc
716;Yi-Nuo;No;Null;5.0;Duisburg;Yi-34B-Chat;Yi-34B-Chat;Yi-Nuo;f281178b-dd98-4910-8fa5-7e2cabae3f25
717;Yi-Nuo;Yes;750;7.0;Duisburg;Yi-34B-Chat;Yi-34B-Chat;Yi-Nuo;f281178b-dd98-4910-8fa5-7e2cabae3f25
718;Yi-Nuo;No;Null;1.0;Duisburg;Yi-34B-Chat;Yi-34B-Chat;Yi-Nuo;f442e45c-07c0-4c27-ae32-6bafc89a9772
719;Yi-Nuo;No;850;5.0;Duisburg;Yi-34B-Chat;Yi-34B-Chat;Yi-Nuo;f442e45c-07c0-4c27-ae32-6bafc89a9772
720;Yi-Nuo;Yes;525;1.0;Duisburg;Yi-34B-Chat;Yi-34B-Chat;Yi-Nuo;fc97eeb1-e2f5-4173-8fe3-93b6105ccf7a
721;Yi-Nuo;Yes;525;1.0;Duisburg;Yi-34B-Chat;Yi-34B-Chat;Yi-Nuo;fc97eeb1-e2f5-4173-8fe3-93b6105ccf7a
722;Yi-Nuo;Yes;525;1.0;Magdeburg;Yi-34B-Chat;Yi-34B-Chat;Yi-Nuo;07be5ad0-6879-4d1d-beb4-cab038d25941
723;Yi-Nuo;Yes;525;Null;Magdeburg;Yi-34B-Chat;Yi-34B-Chat;Yi-Nuo;07be5ad0-6879-4d1d-beb4-cab038d25941
724;Yi-Nuo;Yes;775;1.0;Magdeburg;Yi-34B-Chat;Yi-34B-Chat;Yi-Nuo;0acb0302-1e18-4c40-8119-cbc4f4c56bde
725;Yi-Nuo;Yes;775;Null;Magdeburg;Yi-34B-Chat;Yi-34B-Chat;Yi-Nuo;0acb0302-1e18-4c40-8119-cbc4f4c56bde
726;Yi-Nuo;No;675;1.0;Magdeburg;Yi-34B-Chat;Yi-34B-Chat;Yi-Nuo;157f8323-d6f2-44c2-8a8a-00dee4449190
727;Yi-Nuo;No;Null;Null;Magdeburg;Yi-34B-Chat;Yi-34B-Chat;Yi-Nuo;157f8323-d6f2-44c2-8a8a-00dee4449190
728;Yi-Nuo;Yes;505;1.0;Magdeburg;Yi-34B-Chat;Yi-34B-Chat;Yi-Nuo;27a6bf59-3ab5-4eca-8e4d-3c47092b57a2
729;Yi-Nuo;Yes;505;Null;Magdeburg;Yi-34B-Chat;Yi-34B-Chat;Yi-Nuo;27a6bf59-3ab5-4eca-8e4d-3c47092b57a2
730;Yi-Nuo;Yes;595;1.0;Magdeburg;Yi-34B-Chat;Yi-34B-Chat;Yi-Nuo;30b05289-2209-449f-b079-b4adac4fa581
731;Yi-Nuo;Yes;595;1.0;Magdeburg;Yi-34B-Chat;Yi-34B-Chat;Yi-Nuo;30b05289-2209-449f-b079-b4adac4fa581
732;Yi-Nuo;No;Null;5.0;Magdeburg;Yi-34B-Chat;Yi-34B-Chat;Yi-Nuo;38db7819-67ec-47ea-bfe8-d39acd5727ea
733;Yi-Nuo;No;Null;Null;Magdeburg;Yi-34B-Chat;Yi-34B-Chat;Yi-Nuo;38db7819-67ec-47ea-bfe8-d39acd5727ea
734;Yi-Nuo;Yes;625;8.0;Magdeburg;Yi-34B-Chat;Yi-34B-Chat;Yi-Nuo;408323f8-703e-4a71-82a8-e69a8485b4ef
735;Yi-Nuo;Yes;625;Null;Magdeburg;Yi-34B-Chat;Yi-34B-Chat;Yi-Nuo;408323f8-703e-4a71-82a8-e69a8485b4ef
736;Yi-Nuo;Yes;580;9.0;Magdeburg;Yi-34B-Chat;Yi-34B-Chat;Yi-Nuo;535b7999-b8fa-4df6-8efc-0bd0100e5e6b
737;Yi-Nuo;Yes;580;1.0;Magdeburg;Yi-34B-Chat;Yi-34B-Chat;Yi-Nuo;535b7999-b8fa-4df6-8efc-0bd0100e5e6b
738;Yi-Nuo;Yes;525;Null;Magdeburg;Yi-34B-Chat;Yi-34B-Chat;Yi-Nuo;5abdd3fd-10af-46bf-961d-9b7867a939ba
739;Yi-Nuo;Yes;525;Null;Magdeburg;Yi-34B-Chat;Yi-34B-Chat;Yi-Nuo;5abdd3fd-10af-46bf-961d-9b7867a939ba
740;Yi-Nuo;Yes;875;Null;Magdeburg;Yi-34B-Chat;Yi-34B-Chat;Yi-Nuo;6d8999d4-7ea5-4f66-a3e5-482a79227735
741;Yi-Nuo;Yes;875;Null;Magdeburg;Yi-34B-Chat;Yi-34B-Chat;Yi-Nuo;6d8999d4-7ea5-4f66-a3e5-482a79227735
742;Yi-Nuo;Yes;825;Null;Magdeburg;Yi-34B-Chat;Yi-34B-Chat;Yi-Nuo;7b6e634d-895f-4b3b-8a7e-a40c6e9cc70c
743;Yi-Nuo;Yes;825;Null;Magdeburg;Yi-34B-Chat;Yi-34B-Chat;Yi-Nuo;7b6e634d-895f-4b3b-8a7e-a40c6e9cc70c
744;Yi-Nuo;Yes;1,15;1.0;Magdeburg;Yi-34B-Chat;Yi-34B-Chat;Yi-Nuo;83a212f7-bbd6-43ef-9e4d-3cec453e7030
745;Yi-Nuo;Yes;1,15;9.0;Magdeburg;Yi-34B-Chat;Yi-34B-Chat;Yi-Nuo;83a212f7-bbd6-43ef-9e4d-3cec453e7030
746;Yi-Nuo;Yes;690;8.0;Magdeburg;Yi-34B-Chat;Yi-34B-Chat;Yi-Nuo;8df762e7-f20c-41fb-b6a1-1487bb7dc36f
747;Yi-Nuo;Yes;690;Null;Magdeburg;Yi-34B-Chat;Yi-34B-Chat;Yi-Nuo;8df762e7-f20c-41fb-b6a1-1487bb7dc36f
748;Yi-Nuo;Yes;825;Null;Magdeburg;Yi-34B-Chat;Yi-34B-Chat;Yi-Nuo;990fcb86-3e11-4e06-a92d-8c8df26bef98
749;Yi-Nuo;Yes;825;1.0;Magdeburg;Yi-34B-Chat;Yi-34B-Chat;Yi-Nuo;990fcb86-3e11-4e06-a92d-8c8df26bef98
750;Yi-Nuo;Yes;700;Null;Magdeburg;Yi-34B-Chat;Yi-34B-Chat;Yi-Nuo;9995fc4e-7000-4568-bf4a-5a985a46d565
751;Yi-Nuo;Yes;700;8.0;Magdeburg;Yi-34B-Chat;Yi-34B-Chat;Yi-Nuo;9995fc4e-7000-4568-bf4a-5a985a46d565
752;Yi-Nuo;No;Null;5.0;Magdeburg;Yi-34B-Chat;Yi-34B-Chat;Yi-Nuo;9ecb3e3b-0e62-40d5-8d72-cfcd84566b97
753;Yi-Nuo;No;800;5.0;Magdeburg;Yi-34B-Chat;Yi-34B-Chat;Yi-Nuo;9ecb3e3b-0e62-40d5-8d72-cfcd84566b97
754;Yi-Nuo;Yes;625;7.0;Magdeburg;Yi-34B-Chat;Yi-34B-Chat;Yi-Nuo;a5081db9-eb5c-48ec-8426-7f2492b95a88
755;Yi-Nuo;Yes;625;Null;Magdeburg;Yi-34B-Chat;Yi-34B-Chat;Yi-Nuo;a5081db9-eb5c-48ec-8426-7f2492b95a88
756;Yi-Nuo;Yes;750;8.0;Magdeburg;Yi-34B-Chat;Yi-34B-Chat;Yi-Nuo;abfcf023-a02d-4cc0-9df0-b3d2f2c829f4
757;Yi-Nuo;Yes;750;Null;Magdeburg;Yi-34B-Chat;Yi-34B-Chat;Yi-Nuo;abfcf023-a02d-4cc0-9df0-b3d2f2c829f4
758;Yi-Nuo;Yes;825;Null;Magdeburg;Yi-34B-Chat;Yi-34B-Chat;Yi-Nuo;ad14691c-7a8e-4a7b-9237-ec9c9059e9c1
759;Yi-Nuo;Yes;825;8.0;Magdeburg;Yi-34B-Chat;Yi-34B-Chat;Yi-Nuo;ad14691c-7a8e-4a7b-9237-ec9c9059e9c1
760;Yi-Nuo;Yes;650;Null;Magdeburg;Yi-34B-Chat;Yi-34B-Chat;Yi-Nuo;c55aa41d-e465-441d-9b76-3d52136138b9
761;Yi-Nuo;Yes;650;Null;Magdeburg;Yi-34B-Chat;Yi-34B-Chat;Yi-Nuo;c55aa41d-e465-441d-9b76-3d52136138b9
762;Yi-Nuo;Yes;750;Null;Magdeburg;Yi-34B-Chat;Yi-34B-Chat;Yi-Nuo;c628a921-9944-4fc5-a68f-b51c2f903a89
763;Yi-Nuo;Yes;750;Null;Magdeburg;Yi-34B-Chat;Yi-34B-Chat;Yi-Nuo;c628a921-9944-4fc5-a68f-b51c2f903a89
764;Yi-Nuo;Yes;500;9.0;Magdeburg;Yi-34B-Chat;Yi-34B-Chat;Yi-Nuo;cc1da07b-eacf-4178-a4c9-77e42672abcd
765;Yi-Nuo;Yes;500;1.0;Magdeburg;Yi-34B-Chat;Yi-34B-Chat;Yi-Nuo;cc1da07b-eacf-4178-a4c9-77e42672abcd
766;Yi-Nuo;Yes;725;7.0;Magdeburg;Yi-34B-Chat;Yi-34B-Chat;Yi-Nuo;d950aa0e-68ed-4cab-9610-2c72db6fddd4
767;Yi-Nuo;Yes;725;8.0;Magdeburg;Yi-34B-Chat;Yi-34B-Chat;Yi-Nuo;d950aa0e-68ed-4cab-9610-2c72db6fddd4
768;Yi-Nuo;No;840;1.0;Magdeburg;Yi-34B-Chat;Yi-34B-Chat;Yi-Nuo;e158167a-1d2b-4fab-91c8-01e348ffdbb4
769;Yi-Nuo;No;Null;5.0;Magdeburg;Yi-34B-Chat;Yi-34B-Chat;Yi-Nuo;e158167a-1d2b-4fab-91c8-01e348ffdbb4
770;Yi-Nuo;Yes;700;Null;Magdeburg;Yi-34B-Chat;Yi-34B-Chat;Yi-Nuo;fa547f03-8f0a-4981-9f18-a98d66694cac
771;Yi-Nuo;Yes;700;7.0;Magdeburg;Yi-34B-Chat;Yi-34B-Chat;Yi-Nuo;fa547f03-8f0a-4981-9f18-a98d66694cac
772;Yi-Nuo;Yes;1,3;9.0;München;Yi-34B-Chat;Yi-34B-Chat;Yi-Nuo;076e78b9-4fbd-4cb2-ae6d-b1953b0f4743
773;Yi-Nuo;Yes;1,3;Null;München;Yi-34B-Chat;Yi-34B-Chat;Yi-Nuo;076e78b9-4fbd-4cb2-ae6d-b1953b0f4743
774;Yi-Nuo;Yes;1,35;Null;München;Yi-34B-Chat;Yi-34B-Chat;Yi-Nuo;142d48c9-8bfa-47ec-b3ab-a32581c0ab6a
775;Yi-Nuo;Yes;1,35;1.0;München;Yi-34B-Chat;Yi-34B-Chat;Yi-Nuo;142d48c9-8bfa-47ec-b3ab-a32581c0ab6a
776;Yi-Nuo;No;Null;Null;München;Yi-34B-Chat;Yi-34B-Chat;Yi-Nuo;290078b8-e495-4e99-bded-bcf1b2c7db29
777;Yi-Nuo;Yes;1,35;Null;München;Yi-34B-Chat;Yi-34B-Chat;Yi-Nuo;290078b8-e495-4e99-bded-bcf1b2c7db29
778;Yi-Nuo;No;Null;1.0;München;Yi-34B-Chat;Yi-34B-Chat;Yi-Nuo;47eb6f0a-9036-425e-9bf1-4f02f9f6ea87
779;Yi-Nuo;No;Null;Null;München;Yi-34B-Chat;Yi-34B-Chat;Yi-Nuo;47eb6f0a-9036-425e-9bf1-4f02f9f6ea87
780;Yi-Nuo;Yes;790;Null;München;Yi-34B-Chat;Yi-34B-Chat;Yi-Nuo;509beef3-c04a-4b0e-912c-bb4fb28fa1a3
781;Yi-Nuo;Yes;790;10.0;München;Yi-34B-Chat;Yi-34B-Chat;Yi-Nuo;509beef3-c04a-4b0e-912c-bb4fb28fa1a3
782;Yi-Nuo;Yes;675;9.0;München;Yi-34B-Chat;Yi-34B-Chat;Yi-Nuo;56b80d76-c1c3-4074-9af6-a719fb176432
783;Yi-Nuo;Yes;675;Null;München;Yi-34B-Chat;Yi-34B-Chat;Yi-Nuo;56b80d76-c1c3-4074-9af6-a719fb176432
784;Yi-Nuo;Yes;1,318;Null;München;Yi-34B-Chat;Yi-34B-Chat;Yi-Nuo;5a02e70c-4980-4ab3-a671-95f758b17588
785;Yi-Nuo;Yes;1,318;Null;München;Yi-34B-Chat;Yi-34B-Chat;Yi-Nuo;5a02e70c-4980-4ab3-a671-95f758b17588
786;Yi-Nuo;No;Null;5.0;München;Yi-34B-Chat;Yi-34B-Chat;Yi-Nuo;5e2474ba-bfc7-42c2-82b1-c6e7748db1e3
787;Yi-Nuo;No;Null;5.0;München;Yi-34B-Chat;Yi-34B-Chat;Yi-Nuo;5e2474ba-bfc7-42c2-82b1-c6e7748db1e3
788;Yi-Nuo;No;1,05;1.0;München;Yi-34B-Chat;Yi-34B-Chat;Yi-Nuo;6955e6f6-2aa0-4420-a238-15260b126e2f
789;Yi-Nuo;No;1,05;5.0;München;Yi-34B-Chat;Yi-34B-Chat;Yi-Nuo;6955e6f6-2aa0-4420-a238-15260b126e2f
790;Yi-Nuo;Yes;1300;Null;München;Yi-34B-Chat;Yi-34B-Chat;Yi-Nuo;79189fc9-3c67-405d-b0b4-6411110d7c43
791;Yi-Nuo;Yes;1300;8.0;München;Yi-34B-Chat;Yi-34B-Chat;Yi-Nuo;79189fc9-3c67-405d-b0b4-6411110d7c43
792;Yi-Nuo;Yes;1250;Null;München;Yi-34B-Chat;Yi-34B-Chat;Yi-Nuo;917c23c1-1625-4a32-9688-e9f49ea56079
793;Yi-Nuo;Yes;1250;8.0;München;Yi-34B-Chat;Yi-34B-Chat;Yi-Nuo;917c23c1-1625-4a32-9688-e9f49ea56079
794;Yi-Nuo;Yes;1050;Null;München;Yi-34B-Chat;Yi-34B-Chat;Yi-Nuo;971233cc-5b15-44dd-b347-92aa528a3e76
795;Yi-Nuo;Yes;1050;Null;München;Yi-34B-Chat;Yi-34B-Chat;Yi-Nuo;971233cc-5b15-44dd-b347-92aa528a3e76
796;Yi-Nuo;No;Null;5.0;München;Yi-34B-Chat;Yi-34B-Chat;Yi-Nuo;bdfbcca0-f596-49b0-bc5d-f6e104f7a062
797;Yi-Nuo;No;Null;1.0;München;Yi-34B-Chat;Yi-34B-Chat;Yi-Nuo;bdfbcca0-f596-49b0-bc5d-f6e104f7a062
798;Yi-Nuo;Yes;1,1;Null;München;Yi-34B-Chat;Yi-34B-Chat;Yi-Nuo;d3b003d7-5acd-4e32-9d79-4a82b8cdcb97
799;Yi-Nuo;Yes;1,1;8.0;München;Yi-34B-Chat;Yi-34B-Chat;Yi-Nuo;d3b003d7-5acd-4e32-9d79-4a82b8cdcb97
800;Yi-Nuo;No;Null;Null;München;Yi-34B-Chat;Yi-34B-Chat;Yi-Nuo;ec24cbdc-d8ca-4bea-ad75-8aa0d1325ede
801;Yi-Nuo;No;Null;Null;München;Yi-34B-Chat;Yi-34B-Chat;Yi-Nuo;ec24cbdc-d8ca-4bea-ad75-8aa0d1325ede
802;Yi-Nuo;Yes;1100;8.0;München;Yi-34B-Chat;Yi-34B-Chat;Yi-Nuo;f30ee210-9311-4b87-a929-e5da0bb1bb08
803;Yi-Nuo;Yes;1100;Null;München;Yi-34B-Chat;Yi-34B-Chat;Yi-Nuo;f30ee210-9311-4b87-a929-e5da0bb1bb08
804;Yi-Nuo;Yes;850;8.0;München;Yi-34B-Chat;Yi-34B-Chat;Yi-Nuo;f57f49e0-8a9f-4977-968d-448a5b6f9c71
805;Yi-Nuo;Yes;850;8.0;München;Yi-34B-Chat;Yi-34B-Chat;Yi-Nuo;f57f49e0-8a9f-4977-968d-448a5b6f9c71
806;Yi-Nuo;No;Null;Null;München;Yi-34B-Chat;Yi-34B-Chat;Yi-Nuo;f59976fc-dd78-4126-b7c5-d003b20e2d19
807;Yi-Nuo;No;1,05;5.0;München;Yi-34B-Chat;Yi-34B-Chat;Yi-Nuo;f59976fc-dd78-4126-b7c5-d003b20e2d19
